Player,Nation,Pos,Squad,Comp,Age,Born,90s,Gls,Sh,SoT,SoT%,Sh/90,SoT/90,G/Sh,G/SoT,Dist,FK,PK,PKatt,xG,npxG,npxG/Sh,G-xG,np:G-xG,Matches,Gls/90,npG,npG/90,xG/90,npxG/90,xG/Sh,npG-npxG,shots_p90,accuracy,conversion,shots_p90_norm,accuracy_norm,conversion_norm,Dist_norm,shooting_profile
Kylian Mbappé,FRA,FW,Real Madrid,La Liga,25,1998,32.3,31,152,75,49.3,4.71,2.32,0.16,0.32,17.3,3,7,9,25.9,18.6,0.12,5.1,5.4,Matches,0.9597523219814242,24,0.7430340557275542,0.8018575851393189,0.5758513931888546,0.17039473684210527,5.399999999999999,4.705882352941177,0.4934210526315789,0.20394736842105263,1.324890715322772,0.9093282689765336,0.6535359845780379,0.5867768595041323,Volume Shooter
Mohamed Salah,EGY,FW,Liverpool,Premier League,32,1992,37.5,29,121,50,41.3,3.23,1.33,0.17,0.4,14.5,1,9,9,25.2,18.2,0.15,3.8,1.8,Matches,0.7733333333333333,20,0.5333333333333333,0.6719999999999999,0.48533333333333334,0.20826446280991734,1.8000000000000007,3.2266666666666666,0.4132231404958678,0.2396694214876033,0.7768847293047073,0.5838176979549586,0.8641879572273038,0.2975206611570248,Balanced Shooter
Robert Lewandowski,POL,FW,Barcelona,La Liga,35,1988,29.6,27,111,45,40.5,3.75,1.52,0.22,0.53,13.2,5,3,4,27.1,24.0,0.22,-0.1,0.0,Matches,0.9121621621621622,24,0.8108108108108107,0.9155405405405406,0.8108108108108107,0.24414414414414415,0.0,3.75,0.40540540540540543,0.24324324324324326,0.970764365662371,0.552086754522347,0.8852626866478073,0.16322314049586775,Volume Shooter
Harry Kane,ENG,FW,Bayern Munich,Bundesliga,31,1993,26.5,26,105,45,42.9,3.97,1.7,0.16,0.38,16.3,6,9,9,20.3,13.3,0.13,5.7,3.7,Matches,0.9811320754716981,17,0.6415094339622641,0.7660377358490567,0.5018867924528302,0.19333333333333333,3.6999999999999993,3.9622641509433962,0.42857142857142855,0.24761904761904763,1.0494020020891364,0.6461139583267389,0.9110666857061259,0.48347107438016534,Volume Shooter
Mateo Retegui,ITA,FW,Atalanta,Serie A,25,1999,26.5,25,99,32,32.3,3.74,1.21,0.21,0.66,12.8,2,4,5,18.9,14.9,0.15,6.1,6.1,Matches,0.9433962264150944,21,0.7924528301886793,0.7132075471698113,0.5622641509433962,0.1909090909090909,6.1,3.7358490566037736,0.32323232323232326,0.25252525252525254,0.9655218565672533,0.21855928244178482,0.939998442226059,0.12190082644628113,Volume Shooter
Alexander Isak,SWE,FW,Newcastle Utd,Premier League,24,1999,30.6,23,95,41,43.2,3.1,1.34,0.2,0.46,14.5,3,4,4,20.3,17.2,0.18,2.7,1.8,Matches,0.7516339869281046,19,0.6209150326797386,0.6633986928104575,0.5620915032679739,0.2136842105263158,1.8000000000000007,3.104575163398693,0.43157894736842106,0.24210526315789474,0.7316534116181687,0.6583209988206425,0.8785520491218047,0.2975206611570248,Penalty Box Scorer
Erling Haaland,NOR,FW,Manchester City,Premier League,24,2000,30.4,22,104,55,52.9,3.42,1.81,0.18,0.35,12.3,1,3,4,22.0,18.8,0.19,0.0,0.2,Matches,0.7236842105263158,19,0.625,0.7236842105263158,0.618421052631579,0.21153846153846154,0.1999999999999993,3.4210526315789473,0.5288461538461539,0.21153846153846154,0.8488990226618282,1.0531131209479936,0.6983004536517315,0.07024793388429766,Penalty Box Scorer
Mason Greenwood,ENG,"FW,MF",Marseille,Ligue 1,22,2001,31.2,21,111,45,40.5,3.56,1.44,0.13,0.31,19.8,3,7,9,16.3,9.1,0.08,4.7,4.9,Matches,0.6730769230769231,14,0.44871794871794873,0.5224358974358975,0.2916666666666667,0.14684684684684685,4.9,3.557692307692308,0.40540540540540543,0.1891891891891892,0.899520011292823,0.552086754522347,0.5665074041626947,0.8450413223140496,Distance Shooter
Patrik Schick,CZE,FW,Leverkusen,Bundesliga,28,1996,18.7,21,68,32,47.1,3.63,1.71,0.29,0.63,11.8,0,1,1,12.7,11.9,0.17,8.3,8.1,Matches,1.1229946524064172,20,1.0695187165775402,0.6791443850267379,0.6363636363636364,0.18676470588235294,8.1,3.6363636363636367,0.47058823529411764,0.3088235294117647,0.9286654289894564,0.8166534946386265,1.2719878455451865,0.0185950413223142,Penalty Box Scorer
Ousmane Dembélé,FRA,FW,Paris S-G,Ligue 1,27,1997,19.2,21,96,49,51.0,4.99,2.55,0.21,0.41,16.0,0,1,1,16.6,15.8,0.16,4.4,4.2,Matches,1.09375,20,1.0416666666666667,0.8645833333333335,0.8229166666666667,0.1729166666666667,4.199999999999999,5.0,0.5104166666666666,0.21875,1.433852669064434,0.9783107634342696,0.7408266992717406,0.4524793388429752,Volume Shooter
Serhou Guirassy,GUI,FW,Dortmund,Bundesliga,28,1996,28.9,21,86,33,38.4,2.98,1.14,0.21,0.55,12.1,1,3,4,22.7,19.6,0.23,-1.7,-1.6,Matches,0.726643598615917,18,0.6228373702422145,0.7854671280276817,0.6782006920415226,0.26395348837209304,-1.6000000000000014,2.975778546712803,0.38372093023255816,0.2441860465116279,0.683938046254173,0.4640729184031196,0.8908223718074312,0.04958677685950417,Clinical Finisher
Ante Budimir,CRO,FW,Osasuna,La Liga,33,1991,32.8,21,91,29,31.9,2.77,0.88,0.14,0.45,13.3,0,8,8,18.3,12.3,0.14,2.7,0.7,Matches,0.6402439024390244,13,0.39634146341463417,0.5579268292682927,0.37500000000000006,0.2010989010989011,0.6999999999999993,2.774390243902439,0.31868131868131866,0.23076923076923078,0.6093295922753952,0.2000874787418024,0.811703775305089,0.17355371900826458,Clinical Finisher
Chris Wood,NZL,FW,Nott'ham Forest,Premier League,32,1991,32.9,20,65,32,49.2,1.98,0.97,0.26,0.53,13.5,0,3,3,13.4,11.0,0.17,6.6,6.0,Matches,0.60790273556231,17,0.5167173252279635,0.4072948328267477,0.3343465045592705,0.20615384615384616,6.0,1.9756838905775076,0.49230769230769234,0.3076923076923077,0.31343233621324224,0.9048093164860023,1.2653170619185183,0.1942148760330579,Efficient Poacher
Bryan Mbeumo,CMR,FW,Brentford,Premier League,24,1999,37.9,20,79,34,43.0,2.08,0.9,0.19,0.44,17.9,6,5,6,12.3,7.5,0.1,7.7,7.5,Matches,0.5277044854881267,15,0.395778364116095,0.3245382585751979,0.1978891820580475,0.15569620253164557,7.5,2.0844327176781,0.43037974683544306,0.25316455696202533,0.3537205840844244,0.6534536345730735,0.9437684030533027,0.6487603305785122,Balanced Shooter
Alexander Sørloth,NOR,FW,Atlético Madrid,La Liga,28,1995,17.4,20,78,40,51.3,4.48,2.3,0.24,0.48,12.0,0,1,1,16.8,16.0,0.21,3.2,3.0,Matches,1.149425287356322,19,1.0919540229885059,0.9655172413793105,0.9195402298850576,0.2153846153846154,3.0,4.482758620689656,0.5128205128205128,0.2564102564102564,1.2422299228290978,0.9880675926751901,0.9629082041762319,0.039256198347107515,Penalty Box Scorer
Ayoze Pérez,ESP,FW,Villarreal,La Liga,31,1993,21.9,19,75,31,41.3,3.43,1.42,0.25,0.61,14.2,0,0,0,12.7,12.7,0.18,6.3,6.3,Matches,0.8675799086757991,19,0.8675799086757991,0.5799086757990868,0.5799086757990868,0.16933333333333334,6.300000000000001,3.4246575342465757,0.41333333333333333,0.25333333333333335,0.8502345332700534,0.5842649531576277,0.944763672711695,0.26652892561983466,Volume Shooter
Yoane Wissa,COD,FW,Brentford,Premier League,27,1996,32.4,19,90,41,45.6,2.77,1.26,0.21,0.46,13.2,0,0,0,18.5,18.5,0.21,0.5,0.5,Matches,0.5864197530864198,19,0.5864197530864198,0.5709876543209876,0.5709876543209876,0.20555555555555555,0.5,2.7777777777777777,0.45555555555555555,0.2111111111111111,0.6105845741274332,0.7556382383137067,0.6957803798372125,0.16322314049586775,Balanced Shooter
Raphinha,BRA,"FW,MF",Barcelona,La Liga,27,1996,31.5,18,112,40,35.7,3.55,1.27,0.14,0.4,19.1,18,2,2,19.2,17.6,0.16,-1.2,-1.6,Matches,0.5714285714285714,16,0.5079365079365079,0.6095238095238095,0.5587301587301587,0.17142857142857143,-1.6000000000000014,3.5555555555555554,0.35714285714285715,0.16071428571428573,0.8987284073553834,0.3561967465965303,0.3985916749964301,0.7727272727272728,Distance Shooter
Jonathan Burkardt,GER,FW,Mainz 05,Bundesliga,24,2000,23.4,18,70,28,40.0,2.99,1.19,0.23,0.57,13.6,0,2,2,14.8,13.2,0.19,3.2,2.8,Matches,0.7692307692307693,16,0.6837606837606838,0.6324786324786326,0.5641025641025641,0.21142857142857144,2.8000000000000007,2.9914529914529915,0.4,0.2571428571428571,0.6897449678713756,0.5301470736346555,0.9672283307154074,0.20454545454545456,Clinical Finisher
Moise Kean,ITA,FW,Fiorentina,Serie A,24,2000,29.1,17,98,45,45.9,3.37,1.55,0.16,0.36,15.0,0,1,2,19.4,17.9,0.18,-0.4,0.1,Matches,0.5841924398625429,16,0.549828178694158,0.6666666666666666,0.6151202749140893,0.19795918367346937,-1.8999999999999986,3.3676975945017182,0.45918367346938777,0.17346938775510204,0.8291325477833896,0.7703641919253998,0.4738081638481466,0.34917355371900827,Volume Shooter
Julián Álvarez,ARG,FW,Atlético Madrid,La Liga,24,2000,27.9,17,70,36,51.4,2.51,1.29,0.19,0.36,18.3,5,4,4,14.1,11.0,0.16,2.9,2.0,Matches,0.6093189964157706,13,0.4659498207885305,0.5053763440860215,0.3942652329749104,0.20142857142857143,2.0,2.5089605734767026,0.5142857142857142,0.24285714285714285,0.5109956916753767,0.9940146124029892,0.8829858632014848,0.6900826446280992,Clinical Finisher
Arnaud Kalimuendo,FRA,"FW,MF",Rennes,Ligue 1,22,2002,28.6,17,68,29,42.6,2.37,1.01,0.18,0.41,16.7,1,5,8,14.9,8.9,0.13,2.1,3.1,Matches,0.5944055944055944,12,0.4195804195804196,0.5209790209790209,0.3111888111888112,0.21911764705882353,3.0999999999999996,2.3776223776223775,0.4264705882352941,0.25,0.4623387458433229,0.6375869815111446,0.9251070969584463,0.524793388429752,Clinical Finisher
Ollie Watkins,ENG,FW,Aston Villa,Premier League,28,1995,28.9,16,82,36,43.9,2.84,1.25,0.17,0.39,12.1,0,2,2,15.3,13.8,0.17,0.7,0.2,Matches,0.5536332179930796,14,0.4844290657439447,0.5294117647058824,0.4775086505190312,0.18658536585365854,0.1999999999999993,2.837370242214533,0.43902439024390244,0.1951219512195122,0.6326618327286849,0.6885408673604281,0.601492740045207,0.04958677685950417,Balanced Shooter
Jonathan David,CAN,FW,Lille,Ligue 1,24,2000,28.4,16,66,28,42.4,2.33,0.99,0.15,0.36,15.3,0,6,7,16.2,10.7,0.16,-0.2,-0.7,Matches,0.5633802816901409,10,0.35211267605633806,0.5704225352112676,0.3767605633802817,0.24545454545454545,-0.6999999999999993,2.323943661971831,0.42424242424242425,0.24242424242424243,0.44245235755579226,0.6285432182218779,0.8804330611556086,0.38016528925619847,Clinical Finisher
Tim Kleindienst,GER,FW,Gladbach,Bundesliga,28,1995,30.4,16,73,36,49.3,2.4,1.18,0.21,0.42,12.9,0,1,2,13.6,11.9,0.16,2.4,3.1,Matches,0.5263157894736842,15,0.493421052631579,0.4473684210526316,0.39144736842105265,0.18630136986301368,3.0999999999999996,2.4013157894736845,0.4931506849315068,0.2191780821917808,0.4711164593601454,0.9082308894800782,0.7433510882811475,0.13223140495867777,Clinical Finisher
Hugo Ekitike,FRA,FW,Eint Frankfurt,Bundesliga,22,2002,28.5,15,114,44,38.6,4.0,1.55,0.12,0.32,15.3,1,1,3,21.6,19.3,0.17,-6.6,-5.3,Matches,0.5263157894736842,14,0.49122807017543857,0.7578947368421053,0.6771929824561403,0.18947368421052632,-5.300000000000001,4.0,0.38596491228070173,0.13157894736842105,1.0633820263427836,0.4731808846631056,0.2267813794088247,0.38016528925619847,Volume Shooter
Oihan Sancet,ESP,MF,Athletic Club,La Liga,24,2000,18.0,15,47,17,36.2,2.61,0.94,0.26,0.71,16.7,1,3,3,9.7,7.3,0.16,5.3,4.7,Matches,0.8333333333333334,12,0.6666666666666666,0.5388888888888889,0.40555555555555556,0.20638297872340425,4.7,2.611111111111111,0.3617021276595745,0.3191489361702128,0.5488394670071582,0.37470210053675646,1.3328764875843482,0.524793388429752,Clinical Finisher
Alexandre Lacazette,FRA,FW,Lyon,Ligue 1,33,1991,22.8,15,53,31,58.5,2.33,1.36,0.19,0.32,13.5,1,5,6,16.3,11.7,0.22,-1.3,-1.7,Matches,0.6578947368421052,10,0.43859649122807015,0.7149122807017544,0.513157894736842,0.30754716981132074,-1.6999999999999993,2.324561403508772,0.5849056603773585,0.2830188679245283,0.4426812126600186,1.2806497424909693,1.1198184605519466,0.1942148760330579,Clinical Finisher
Matheus Cunha,BRA,"MF,FW",Wolves,Premier League,25,1999,28.9,15,110,44,40.0,3.81,1.52,0.14,0.34,20.5,12,0,0,8.6,8.6,0.08,6.4,6.4,Matches,0.5190311418685122,15,0.5190311418685122,0.2975778546712803,0.2975778546712803,0.07818181818181817,6.4,3.8062283737024223,0.4,0.13636363636363635,0.9915953274071005,0.5301470736346555,0.2549965599158801,0.9173553719008264,Distance Shooter
Ademola Lookman,NGA,"MF,FW",Atalanta,Serie A,26,1997,25.0,15,81,32,39.5,3.24,1.28,0.17,0.44,14.7,0,1,1,10.3,9.5,0.12,4.7,4.5,Matches,0.6,14,0.56,0.41200000000000003,0.38,0.1271604938271605,4.5,3.24,0.3950617283950617,0.18518518518518517,0.7818243378743295,0.5101034145520731,0.5428959017563899,0.3181818181818181,Balanced Shooter
Ermedin Demirović,BIH,FW,Stuttgart,Bundesliga,26,1998,20.6,15,64,27,42.2,3.11,1.31,0.23,0.56,11.3,0,0,2,14.1,12.4,0.19,0.9,2.6,Matches,0.7281553398058251,15,0.7281553398058251,0.6844660194174756,0.6019417475728155,0.2203125,2.5999999999999996,3.1067961165048543,0.421875,0.234375,0.732476209542863,0.6189342197270319,0.8329668981150935,-0.03305785123966926,Penalty Box Scorer
Riccardo Orsolini,ITA,FW,Bologna,Serie A,27,1997,20.9,15,72,25,34.7,3.45,1.2,0.17,0.48,17.5,6,3,3,10.1,7.8,0.11,4.9,4.2,Matches,0.7177033492822967,12,0.5741626794258373,0.48325358851674644,0.37320574162679426,0.14027777777777778,4.2,3.444976076555024,0.3472222222222222,0.20833333333333334,0.8577619566982314,0.31593046718955675,0.6793999000428387,0.6074380165289256,Volume Shooter
Omar Marmoush,EGY,FW,Eint Frankfurt,Bundesliga,25,1999,16.1,15,75,34,45.3,4.66,2.11,0.17,0.38,18.1,6,2,2,8.8,7.3,0.1,6.2,5.7,Matches,0.9316770186335402,13,0.8074534161490683,0.546583850931677,0.45341614906832295,0.11733333333333335,5.7,4.658385093167701,0.4533333333333333,0.2,1.3072943749669754,0.7466185917265445,0.6302584606597172,0.6694214876033059,Volume Shooter
Cole Palmer,ENG,"MF,FW",Chelsea,Premier League,22,2002,35.5,15,121,44,36.4,3.41,1.24,0.09,0.25,20.4,12,4,5,17.3,13.3,0.11,-2.3,-2.3,Matches,0.4225352112676056,11,0.30985915492957744,0.48732394366197185,0.37464788732394366,0.14297520661157026,-2.3000000000000007,3.408450704225352,0.36363636363636365,0.12396694214876033,0.8442303785356101,0.382552856753822,0.18189359223850934,0.9070247933884296,Distance Shooter
Romelu Lukaku,BEL,FW,Napoli,Serie A,31,1993,31.6,14,60,20,33.3,1.9,0.63,0.18,0.55,14.3,1,3,4,13.0,9.8,0.17,1.0,1.2,Matches,0.4430379746835443,11,0.3481012658227848,0.4113924050632911,0.310126582278481,0.21666666666666667,1.1999999999999993,1.8987341772151898,0.3333333333333333,0.23333333333333334,0.2849247264466576,0.25955767601979396,0.8268242181922033,0.27685950413223154,Balanced Shooter
Marcus Thuram,FRA,FW,Inter,Serie A,26,1997,24.4,14,64,27,42.2,2.62,1.1,0.22,0.52,13.1,0,0,0,9.9,9.9,0.15,4.1,4.1,Matches,0.5737704918032788,14,0.5737704918032788,0.40573770491803285,0.40573770491803285,0.1546875,4.1,2.6229508196721314,0.421875,0.21875,0.5532257314473964,0.6189342197270319,0.7408266992717406,0.1528925619834711,Clinical Finisher
Jean-Philippe Mateta,FRA,FW,Crystal Palace,Premier League,27,1997,29.4,14,68,29,42.6,2.31,0.99,0.18,0.41,15.5,0,2,2,13.6,12.0,0.18,0.4,0.0,Matches,0.4761904761904762,12,0.40816326530612246,0.46258503401360546,0.40816326530612246,0.19999999999999998,0.0,2.312925170068027,0.4264705882352941,0.20588235294117646,0.4383703297783667,0.6375869815111446,0.6649465355183911,0.40082644628099173,Balanced Shooter
Jørgen Strand Larsen,NOR,FW,Wolves,Premier League,24,2000,28.7,14,54,33,61.1,1.88,1.15,0.26,0.42,11.3,0,0,0,10.3,10.3,0.19,3.7,3.7,Matches,0.4878048780487805,14,0.4878048780487805,0.35888501742160284,0.35888501742160284,0.19074074074074077,3.6999999999999993,1.8815331010452963,0.6111111111111112,0.25925925925925924,0.2785522327024931,1.3870134994150503,0.9797086962730256,-0.03305785123966926,Efficient Poacher
Emanuel Emegha,NED,FW,Strasbourg,Ligue 1,21,2003,25.5,14,61,35,57.4,2.39,1.37,0.23,0.4,12.5,0,0,0,17.0,17.0,0.28,-3.0,-3.0,Matches,0.5490196078431373,14,0.5490196078431373,0.6666666666666666,0.6666666666666666,0.2786885245901639,-3.0,2.392156862745098,0.5737704918032787,0.22950819672131148,0.46772334588836545,1.2354538641389663,0.8042674919179834,0.09090909090909098,Clinical Finisher
Bradley Barcola,FRA,FW,Paris S-G,Ligue 1,21,2002,24.2,14,74,38,51.4,3.05,1.57,0.19,0.37,13.2,0,0,0,13.4,13.4,0.18,0.6,0.6,Matches,0.578512396694215,14,0.578512396694215,0.5537190082644629,0.5537190082644629,0.1810810810810811,0.5999999999999996,3.0578512396694215,0.5135135135135135,0.1891891891891892,0.7143435695637081,0.9908803722761762,0.5665074041626947,0.16322314049586775,Penalty Box Scorer
Kiké,ESP,FW,Alavés,La Liga,34,1989,28.2,13,60,24,40.0,2.12,0.85,0.17,0.42,15.4,0,3,3,9.6,7.2,0.12,3.4,2.8,Matches,0.46099290780141844,10,0.3546099290780142,0.3404255319148936,0.25531914893617025,0.16,2.8,2.127659574468085,0.4,0.21666666666666667,0.3697348655022469,0.5301470736346555,0.7285413394259602,0.3904958677685951,Balanced Shooter
Luis Díaz,COL,FW,Liverpool,Premier League,27,1997,26.7,13,71,30,42.3,2.66,1.13,0.18,0.43,13.4,0,0,0,12.0,12.0,0.17,1.0,1.0,Matches,0.4868913857677903,13,0.4868913857677903,0.449438202247191,0.449438202247191,0.16901408450704225,1.0,2.659176029962547,0.4225352112676056,0.18309859154929578,0.5666461083864136,0.6216139122650312,0.530591315995358,0.18388429752066124,Balanced Shooter
Benjamin Šeško,SVN,"FW,MF",RB Leipzig,Bundesliga,21,2003,26.4,13,66,29,43.9,2.5,1.1,0.17,0.38,17.5,0,2,2,10.0,8.4,0.13,3.0,2.6,Matches,0.49242424242424243,11,0.4166666666666667,0.3787878787878788,0.31818181818181823,0.15151515151515152,2.5999999999999996,2.5,0.4393939393939394,0.19696969696969696,0.5076760622603081,0.6900408085888918,0.612388846338582,0.6074380165289256,Balanced Shooter
Ludovic Ajorque,FRA,FW,Brest,Ligue 1,30,1994,27.7,13,53,25,47.2,1.91,0.9,0.25,0.52,12.1,0,0,1,10.4,9.6,0.18,2.6,3.4,Matches,0.4693140794223827,13,0.4693140794223827,0.37545126353790614,0.34657039711191334,0.19622641509433963,3.4000000000000004,1.9133574007220218,0.4716981132075472,0.24528301886792453,0.290342201457896,0.8211583125789405,0.8972911878736606,0.04958677685950417,Efficient Poacher
Mika Biereth,DEN,FW,Monaco,Ligue 1,21,2003,13.6,13,40,22,55.0,2.93,1.61,0.3,0.55,11.6,0,1,2,11.3,9.7,0.24,1.7,2.3,Matches,0.9558823529411765,12,0.8823529411764706,0.8308823529411765,0.7132352941176471,0.28250000000000003,2.3000000000000007,2.9411764705882355,0.55,0.325,0.671118992872801,1.138973218268094,1.36738005140654,-0.0020661157024792947,Clinical Finisher
Jarrod Bowen,ENG,"FW,MF",West Ham,Premier League,27,1996,33.0,13,86,36,41.9,2.6,1.09,0.14,0.33,17.4,1,1,1,8.6,7.8,0.09,4.4,4.2,Matches,0.3939393939393939,12,0.36363636363636365,0.2606060606060606,0.23636363636363636,0.09999999999999999,4.2,2.606060606060606,0.4186046511627907,0.1511627906976744,0.5469684031550286,0.6056603938992681,0.34226676939119105,0.5971074380165288,Balanced Shooter
Scott McTominay,SCO,MF,Napoli,Serie A,27,1996,32.6,12,76,33,43.4,2.33,1.01,0.16,0.36,15.3,2,0,0,7.4,7.4,0.1,4.6,4.6,Matches,0.36809815950920244,12,0.36809815950920244,0.22699386503067484,0.22699386503067484,0.09736842105263159,4.6,2.331288343558282,0.4342105263157895,0.15789473684210525,0.44517334646371065,0.6690021592528081,0.3819648721976295,0.38016528925619847,Balanced Shooter
Artem Dovbyk,UKR,FW,Roma,Serie A,27,1997,26.9,12,61,25,41.0,2.27,0.93,0.16,0.4,13.7,0,2,2,11.9,10.3,0.17,0.1,-0.3,Matches,0.446096654275093,10,0.3717472118959108,0.44237918215613387,0.38289962825278817,0.19508196721311477,-0.3000000000000007,2.2676579925650557,0.4098360655737705,0.19672131147540983,0.4216001694346459,0.5700700995122581,0.6109241238532431,0.21487603305785122,Balanced Shooter
Lorenzo Lucca,ITA,FW,Udinese,Serie A,23,2000,26.1,12,64,25,39.1,2.45,0.96,0.17,0.44,13.6,0,1,1,7.6,6.8,0.11,4.4,4.2,Matches,0.45977011494252873,11,0.421455938697318,0.2911877394636015,0.26053639846743293,0.11875,4.2,2.4521072796934864,0.390625,0.1875,0.48993321538666584,0.4920954395950656,0.5565463015850349,0.20454545454545456,Balanced Shooter
Liam Delap,ENG,FW,Ipswich Town,Premier League,21,2003,28.8,12,66,29,43.9,2.29,1.01,0.15,0.34,16.0,0,2,2,9.3,7.8,0.12,2.7,2.2,Matches,0.41666666666666663,10,0.3472222222222222,0.3229166666666667,0.2708333333333333,0.14090909090909093,2.2,2.2916666666666665,0.4393939393939394,0.18181818181818182,0.4304946783599643,0.6900408085888918,0.5230407747329066,0.4524793388429752,Balanced Shooter
Javi Puado,ESP,"FW,MF",Espanyol,La Liga,26,1998,33.0,12,66,19,28.8,2.0,0.57,0.11,0.37,20.7,0,5,5,11.6,7.7,0.12,0.4,-0.7,Matches,0.36363636363636365,7,0.21212121212121213,0.3515151515151515,0.23333333333333334,0.17575757575757575,-0.7000000000000002,2.0,0.2878787878787879,0.18181818181818182,0.322440740899483,0.0750649049187522,0.5230407747329066,0.9380165289256197,Balanced Shooter
Lucas Stassin,BEL,FW,Saint-Étienne,Ligue 1,19,2004,21.0,12,44,23,52.3,2.1,1.1,0.27,0.52,14.1,0,0,0,7.0,7.0,0.18,3.0,3.0,Matches,0.5714285714285714,12,0.5714285714285714,0.3333333333333333,0.3333333333333333,0.1590909090909091,5.0,2.0952380952380953,0.5227272727272727,0.2727272727272727,0.3577236592539259,1.0282775556074686,1.0591292043669593,0.256198347107438,Efficient Poacher
Nick Woltemade,GER,"FW,MF",Stuttgart,Bundesliga,22,2002,18.0,12,46,23,50.0,2.55,1.28,0.22,0.43,12.3,0,2,3,10.2,8.0,0.17,1.8,2.0,Matches,0.6666666666666666,10,0.5555555555555556,0.5666666666666667,0.4444444444444444,0.2217391304347826,2.0,2.5555555555555554,0.5,0.2608695652173913,0.5282577646337331,0.9360311700569477,0.9892046265886048,0.07024793388429766,Clinical Finisher
Jamal Musiala,GER,MF,Bayern Munich,Bundesliga,21,2003,20.0,12,68,31,45.6,3.4,1.55,0.18,0.39,15.1,0,0,0,9.3,9.3,0.14,2.7,2.7,Matches,0.6,12,0.6,0.465,0.465,0.13676470588235295,2.6999999999999993,3.4,0.45588235294117646,0.17647058823529413,0.8410996407097934,0.7569646569294658,0.49150616122502117,0.3595041322314049,Volume Shooter
Lautaro Martínez,ARG,FW,Inter,Serie A,26,1997,27.5,12,99,33,33.3,3.6,1.2,0.12,0.36,13.8,0,0,0,13.5,13.5,0.13,-1.5,-1.5,Matches,0.43636363636363634,12,0.43636363636363634,0.4909090909090909,0.4909090909090909,0.13636363636363635,-1.5,3.6,0.3333333333333333,0.12121212121212122,0.9151937692541235,0.25955767601979396,0.1656484883102047,0.22520661157024804,Volume Shooter
Michael Olise,FRA,"FW,MF",Bayern Munich,Bundesliga,22,2001,25.9,12,86,36,41.9,3.32,1.39,0.14,0.33,17.6,7,0,0,9.7,9.7,0.11,2.3,2.3,Matches,0.46332046332046334,12,0.46332046332046334,0.3745173745173745,0.3745173745173745,0.1127906976744186,2.3000000000000007,3.3204633204633205,0.4186046511627907,0.13953488372093023,0.8116336359218939,0.6056603938992681,0.27369731908916106,0.6177685950413224,Volume Shooter
Evann Guessand,CIV,"FW,MF",Nice,Ligue 1,23,2001,28.5,12,63,27,42.9,2.21,0.95,0.19,0.44,12.7,0,0,0,9.2,9.2,0.15,2.8,2.8,Matches,0.42105263157894735,12,0.42105263157894735,0.3228070175438596,0.3228070175438596,0.146031746031746,2.8000000000000007,2.210526315789474,0.42857142857142855,0.19047619047619047,0.4004345604198305,0.6461139583267389,0.5740968156504354,0.11157024793388429,Balanced Shooter
Raúl Jiménez,MEX,FW,Fulham,Premier League,33,1991,27.7,12,93,30,32.3,3.36,1.08,0.1,0.3,14.5,1,3,3,12.0,9.6,0.1,0.0,-0.6,Matches,0.4332129963898917,9,0.3249097472924188,0.4332129963898917,0.34657039711191334,0.12903225806451613,-0.5999999999999996,3.357400722021661,0.3225806451612903,0.12903225806451613,0.8253178588176798,0.21591422479159053,0.2117636220421662,0.2975206611570248,Volume Shooter
Justin Kluivert,NED,MF,Bournemouth,Premier League,25,1999,26.0,12,57,23,40.4,2.19,0.88,0.11,0.26,20.0,0,6,6,10.3,5.6,0.1,1.7,0.4,Matches,0.46153846153846156,6,0.23076923076923078,0.3961538461538462,0.21538461538461537,0.18070175438596492,0.40000000000000036,2.1923076923076925,0.40350877192982454,0.21052631578947367,0.3936850952690312,0.5443886208775428,0.692331857775239,0.8657024793388429,Balanced Shooter
Cristhian Stuani,URU,FW,Girona,La Liga,37,1986,12.0,11,31,16,51.6,2.59,1.34,0.26,0.5,12.7,0,3,3,8.1,5.8,0.19,2.9,2.2,Matches,0.9166666666666666,8,0.6666666666666666,0.6749999999999999,0.48333333333333334,0.26129032258064516,2.2,2.5833333333333335,0.5161290322580645,0.3548387096774194,0.5385486158204458,1.0014963468992528,1.5433381085525557,0.11157024793388429,Clinical Finisher
Hugo Duro,ESP,FW,Valencia,La Liga,24,1999,24.1,11,48,16,33.3,1.99,0.66,0.21,0.63,11.1,1,1,1,9.4,8.6,0.18,1.6,1.4,Matches,0.45643153526970953,10,0.41493775933609955,0.3900414937759336,0.3568464730290456,0.19583333333333333,1.4000000000000004,1.9917012448132778,0.3333333333333333,0.22916666666666666,0.3193662957316684,0.25955767601979396,0.8022534985006423,-0.053719008264462756,Balanced Shooter
Borja Iglesias,ESP,FW,Celta Vigo,La Liga,31,1993,21.7,11,46,28,60.9,2.12,1.29,0.24,0.39,13.4,0,0,0,9.3,9.3,0.2,1.7,1.7,Matches,0.5069124423963134,11,0.5069124423963134,0.4285714285714286,0.4285714285714286,0.2021739130434783,1.6999999999999993,2.119815668202765,0.6086956521739131,0.2391304347826087,0.3668289285066854,1.3772095357333525,0.8610095673282878,0.18388429752066124,Efficient Poacher
Antoine Semenyo,GHA,FW,Bournemouth,Premier League,24,2000,35.6,11,125,40,32.0,3.51,1.12,0.09,0.28,17.0,0,0,0,10.0,10.0,0.08,1.0,1.0,Matches,0.3089887640449438,11,0.3089887640449438,0.28089887640449435,0.28089887640449435,0.08,1.0,3.5112359550561796,0.32,0.088,0.8823092964732129,0.20543979649682176,-0.030202484649435965,0.5557851239669421,Volume Shooter
Leroy Sané,GER,FW,Bayern Munich,Bundesliga,28,1996,18.2,11,67,29,43.3,3.68,1.59,0.16,0.38,16.6,2,0,0,10.2,10.2,0.15,0.8,0.8,Matches,0.6043956043956045,11,0.6043956043956045,0.5604395604395604,0.5604395604395604,0.15223880597014924,0.8000000000000007,3.6813186813186816,0.43283582089552236,0.16417910447761194,0.9453199533875325,0.6634224485792887,0.4190236167442098,0.5144628099173555,Volume Shooter
Kevin Schade,GER,FW,Brentford,Premier League,22,2001,25.5,11,55,27,49.1,2.16,1.06,0.2,0.41,11.5,0,0,0,8.2,8.2,0.15,2.8,2.8,Matches,0.43137254901960786,11,0.43137254901960786,0.32156862745098036,0.32156862745098036,0.14909090909090908,2.8000000000000007,2.156862745098039,0.4909090909090909,0.2,0.38055378289503594,0.8991326158367393,0.6302584606597172,-0.01239669421487595,Efficient Poacher
Andrej Kramarić,CRO,"MF,FW",Hoffenheim,Bundesliga,33,1991,30.7,11,66,23,34.8,2.15,0.75,0.12,0.35,15.8,2,3,3,11.8,9.5,0.15,-0.8,-1.5,Matches,0.3583061889250814,8,0.26058631921824105,0.3843648208469056,0.30944625407166126,0.1787878787878788,-1.5,2.1498371335504887,0.3484848484848485,0.16666666666666666,0.3779510000695023,0.3210552663868081,0.43369270312723107,0.4318181818181819,Balanced Shooter
Shuto Machino,JPN,"FW,MF",Holstein Kiel,Bundesliga,24,1999,21.7,11,49,21,42.9,2.26,0.97,0.18,0.43,17.2,4,2,2,6.5,4.9,0.1,4.5,4.1,Matches,0.5069124423963134,9,0.4147465437788019,0.2995391705069125,0.22580645161290325,0.1326530612244898,4.1,2.2580645161290325,0.42857142857142855,0.22448979591836735,0.41804606805345734,0.6461139583267389,0.774674119255013,0.5764462809917354,Clinical Finisher
Dodi Lukebakio,BEL,FW,Sevilla,La Liga,26,1997,34.4,11,93,38,40.9,2.71,1.11,0.11,0.26,19.2,2,1,1,10.1,9.3,0.1,0.9,0.7,Matches,0.31976744186046513,10,0.29069767441860467,0.2936046511627907,0.27034883720930236,0.1086021505376344,0.6999999999999993,2.703488372093023,0.40860215053763443,0.11827956989247312,0.5830625302559928,0.5650618346172184,0.14835531316071915,0.7830578512396693,Distance Shooter
Brennan Johnson,WAL,FW,Tottenham,Premier League,23,2001,24.2,11,54,20,37.0,2.23,0.83,0.2,0.55,11.4,0,0,0,10.4,10.4,0.19,0.6,0.6,Matches,0.4545454545454546,11,0.4545454545454546,0.4297520661157025,0.4297520661157025,0.1925925925925926,0.5999999999999996,2.231404958677686,0.37037037037037035,0.2037037037037037,0.4081694846697823,0.4098851191391614,0.6520991003855489,-0.022727272727272606,Balanced Shooter
Georges Mikautadze,GEO,FW,Lyon,Ligue 1,23,2000,16.1,11,52,22,42.3,3.23,1.37,0.15,0.36,14.1,0,3,4,10.3,7.0,0.14,0.7,1.0,Matches,0.6832298136645962,8,0.49689440993788814,0.639751552795031,0.43478260869565216,0.1980769230769231,1.0,3.229813664596273,0.4230769230769231,0.21153846153846154,0.7780505996503324,0.6238126343474921,0.6983004536517315,0.256198347107438,Penalty Box Scorer
Vinicius Júnior,BRA,FW,Real Madrid,La Liga,24,2000,25.0,11,78,24,30.8,3.12,0.96,0.12,0.38,17.5,0,2,3,10.4,8.2,0.11,0.6,0.8,Matches,0.44,9,0.36,0.41600000000000004,0.32799999999999996,0.13333333333333333,0.8000000000000007,3.12,0.3076923076923077,0.14102564102564102,0.7373678607477314,0.1554848307833089,0.28248827425608797,0.6074380165289256,Balanced Shooter
Alassane Pléa,FRA,"MF,FW",Gladbach,Bundesliga,31,1993,21.1,11,41,12,29.3,1.94,0.57,0.24,0.83,15.2,1,1,1,7.4,6.6,0.16,3.6,3.4,Matches,0.5213270142180094,10,0.4739336492890995,0.35071090047393366,0.31279620853080564,0.1804878048780488,3.4000000000000004,1.943127962085308,0.2926829268292683,0.2682926829268293,0.30137132046033693,0.09456414088878086,1.0329785492628594,0.3698347107438016,Balanced Shooter
Keito Nakamura,JPN,"FW,MF",Reims,Ligue 1,24,2000,29.4,11,84,32,38.1,2.85,1.09,0.13,0.34,16.8,1,0,0,9.1,9.1,0.11,1.9,1.9,Matches,0.3741496598639456,11,0.3741496598639456,0.30952380952380953,0.30952380952380953,0.10833333333333332,1.9000000000000004,2.857142857142857,0.38095238095238093,0.13095238095238096,0.639987006089469,0.45283581717326643,0.22308653434242467,0.5351239669421488,Balanced Shooter
Nikola Krstović,MNE,FW,Lecce,Serie A,24,2000,34.0,11,134,38,28.4,3.95,1.12,0.07,0.24,18.8,6,2,3,12.1,9.7,0.07,-1.1,-0.7,Matches,0.3235294117647059,9,0.2647058823529412,0.3558823529411765,0.2852941176470588,0.09029850746268657,-0.6999999999999993,3.9411764705882355,0.2835820895522388,0.08208955223880597,1.0415896355944514,0.0576252897400466,-0.06505623389549464,0.7417355371900827,Distance Shooter
Thierno Barry,FRA,FW,Villarreal,La Liga,21,2002,25.8,11,71,24,33.8,2.75,0.93,0.14,0.42,12.0,0,1,1,12.5,11.7,0.17,-1.5,-1.7,Matches,0.4263565891472868,10,0.38759689922480617,0.4844961240310077,0.45348837209302323,0.176056338028169,-1.6999999999999993,2.751937984496124,0.3380281690140845,0.15492957746478872,0.6010116893025844,0.27861326740112224,0.3644794082214261,0.039256198347107515,Balanced Shooter
Gaëtan Laborde,FRA,FW,Nice,Ligue 1,30,1994,20.3,11,70,20,28.6,3.44,0.98,0.1,0.35,14.6,0,4,4,11.7,8.6,0.12,-0.7,-1.6,Matches,0.541871921182266,7,0.3448275862068965,0.5763546798029556,0.4236453201970443,0.16714285714285712,-1.5999999999999996,3.4482758620689653,0.2857142857142857,0.15714285714285714,0.8589844303584248,0.06627953486632147,0.37753105811794935,0.30785123966942146,Volume Shooter
Christian Pulisic,USA,"FW,MF",Milan,Serie A,25,1998,27.5,11,53,20,37.7,1.92,0.73,0.15,0.4,16.7,1,3,4,12.0,8.9,0.17,-1.0,-0.9,Matches,0.4,8,0.2909090909090909,0.43636363636363634,0.32363636363636367,0.22641509433962265,-0.9000000000000004,1.9272727272727272,0.37735849056603776,0.20754716981132076,0.2954974214288175,0.43824878765224984,0.6747639151953744,0.524793388429752,Balanced Shooter
Kaoru Mitoma,JPN,"FW,MF",Brighton,Premier League,27,1997,28.9,10,57,27,47.4,1.97,0.93,0.18,0.37,13.9,0,0,0,9.2,9.2,0.16,0.8,0.8,Matches,0.34602076124567477,10,0.34602076124567477,0.31833910034602075,0.31833910034602075,0.1614035087719298,0.8000000000000007,1.972318339100346,0.47368421052631576,0.17543859649122806,0.3121854981943854,0.8292195657352918,0.48542053405683266,0.2355371900826447,Efficient Poacher
Amine Gouiri,ALG,"FW,MF",Marseille,Ligue 1,24,2000,11.6,10,51,24,47.1,4.38,2.06,0.2,0.42,15.2,1,0,0,8.4,8.4,0.17,1.6,1.6,Matches,0.8620689655172414,10,0.8620689655172414,0.7241379310344828,0.7241379310344828,0.16470588235294117,1.5999999999999996,4.3965517241379315,0.47058823529411764,0.19607843137254902,1.2102927984565417,0.8166534946386265,0.6071330774206011,0.3698347107438016,Volume Shooter
Roberto Piccoli,ITA,FW,Cagliari,Serie A,23,2001,34.7,10,97,28,28.9,2.79,0.81,0.09,0.32,13.1,1,1,1,12.7,12.0,0.12,-2.7,-3.0,Matches,0.2881844380403458,9,0.25936599423631124,0.3659942363112391,0.34582132564841495,0.13092783505154637,-3.0,2.795389048991354,0.28865979381443296,0.10309278350515463,0.6171090330930722,0.07823488380364962,0.05879924803949998,0.1528925619834711,Balanced Shooter
Pedro,ESP,"FW,MF",Lazio,Serie A,37,1987,12.2,10,37,16,43.2,3.02,1.31,0.22,0.5,19.1,0,2,2,5.3,3.8,0.1,4.7,4.2,Matches,0.819672131147541,8,0.6557377049180328,0.43442622950819676,0.3114754098360656,0.14324324324324325,4.2,3.0327868852459017,0.43243243243243246,0.2702702702702703,0.7050579620710234,0.6617851589608044,1.0446403278903635,0.7727272727272728,Distance Shooter
Paul Nebel,GER,MF,Mainz 05,Bundesliga,21,2002,26.1,10,44,18,40.9,1.69,0.69,0.23,0.56,17.1,0,0,0,5.8,5.8,0.13,4.2,4.2,Matches,0.38314176245210724,10,0.38314176245210724,0.2222222222222222,0.2222222222222222,0.1318181818181818,4.2,1.685823754789272,0.4090909090909091,0.22727272727272727,0.2060476654083898,0.567045627854864,0.7910849895499329,0.566115702479339,Balanced Shooter
Fábio Silva,POR,FW,Las Palmas,La Liga,22,2002,20.7,10,46,20,43.5,2.22,0.96,0.17,0.4,14.8,0,2,3,8.8,6.4,0.14,1.2,1.6,Matches,0.48309178743961356,8,0.3864734299516908,0.42512077294685996,0.3091787439613527,0.19130434782608696,1.5999999999999996,2.2222222222222223,0.43478260869565216,0.21739130434782608,0.40476755039318313,0.6713241506511048,0.7328145080679707,0.328512396694215,Clinical Finisher
Gaëtan Perrin,FRA,"MF,FW",Auxerre,Ligue 1,28,1996,29.9,10,59,26,44.1,1.97,0.87,0.17,0.38,19.2,5,0,0,6.1,6.1,0.1,3.9,3.9,Matches,0.33444816053511706,10,0.33444816053511706,0.2040133779264214,0.2040133779264214,0.10338983050847457,3.9000000000000004,1.9732441471571907,0.4406779661016949,0.1694915254237288,0.31252848290024154,0.6952524687894862,0.450350818172357,0.7830578512396693,Balanced Shooter
Nicolas Jackson,SEN,FW,Chelsea,Premier League,23,2001,24.7,10,76,34,44.7,3.08,1.38,0.13,0.29,12.9,0,0,0,12.3,12.3,0.16,-2.3,-2.3,Matches,0.4048582995951417,10,0.4048582995951417,0.49797570850202433,0.49797570850202433,0.1618421052631579,-2.3000000000000007,3.076923076923077,0.4473684210526316,0.13157894736842105,0.7214091253689526,0.7224079614136361,0.2267813794088247,0.13223140495867777,Penalty Box Scorer
Andrea Pinamonti,ITA,FW,Genoa,Serie A,25,1999,31.7,10,78,29,37.2,2.46,0.92,0.13,0.34,16.1,2,0,1,7.7,7.0,0.09,2.3,3.0,Matches,0.31545741324921134,10,0.31545741324921134,0.24290220820189276,0.22082018927444796,0.09871794871794871,3.0,2.460567823343849,0.3717948717948718,0.1282051282051282,0.49306759843059017,0.41566694387452185,0.2068860598205164,0.4628099173553721,Balanced Shooter
João Pedro,BRA,"FW,MF",Brighton,Premier League,22,2001,21.6,10,42,15,35.7,1.94,0.69,0.12,0.33,17.2,0,5,5,8.9,5.0,0.12,1.1,0.0,Matches,0.4629629629629629,5,0.23148148148148145,0.41203703703703703,0.23148148148148145,0.2119047619047619,0.0,1.9444444444444444,0.35714285714285715,0.23809523809523808,0.301859038526058,0.3561967465965303,0.854905040696844,0.5764462809917354,Balanced Shooter
Andrey Santos,BRA,MF,Strasbourg,Ligue 1,20,2004,31.7,10,46,16,34.8,1.45,0.5,0.22,0.63,16.2,0,0,0,5.1,5.1,0.11,4.9,4.9,Matches,0.31545741324921134,10,0.31545741324921134,0.1608832807570978,0.1608832807570978,0.1108695652173913,4.9,1.4511041009463723,0.34782608695652173,0.21739130434782608,0.11909092438980748,0.31838145810998125,0.7328145080679707,0.4731404958677685,Balanced Shooter
Gonçalo Ramos,POR,FW,Paris S-G,Ligue 1,23,2001,11.8,10,52,29,55.8,4.39,2.45,0.15,0.28,11.3,0,2,3,13.6,11.3,0.22,-3.6,-3.3,Matches,0.847457627118644,8,0.6779661016949152,1.1525423728813557,0.9576271186440678,0.26153846153846155,-3.3000000000000007,4.406779661016949,0.5576923076923077,0.19230769230769232,1.2140819488058276,1.1701950718390395,0.5848971319983742,-0.03305785123966926,Penalty Box Scorer
Cody Gakpo,NED,FW,Liverpool,Premier League,25,1999,21.5,10,57,22,38.6,2.65,1.02,0.18,0.45,15.1,0,0,0,7.1,7.1,0.12,2.9,2.9,Matches,0.46511627906976744,10,0.46511627906976744,0.3302325581395349,0.3302325581395349,0.12456140350877193,2.9000000000000004,2.6511627906976742,0.38596491228070173,0.17543859649122806,0.5636774384856739,0.4731808846631056,0.48542053405683266,0.3595041322314049,Balanced Shooter
Tijjani Reijnders,NED,MF,Milan,Serie A,26,1998,34.8,10,77,28,36.4,2.22,0.81,0.13,0.36,20.0,2,0,0,7.5,7.5,0.1,2.5,2.5,Matches,0.2873563218390805,10,0.2873563218390805,0.21551724137931036,0.21551724137931036,0.09740259740259741,2.5,2.21264367816092,0.36363636363636365,0.12987012987012986,0.4012189810184547,0.382552856753822,0.21670452922773348,0.8657024793388429,Balanced Shooter
Hamed Junior Traorè,CIV,MF,Auxerre,Ligue 1,24,2000,23.3,10,68,27,39.7,2.92,1.16,0.15,0.37,19.1,2,0,0,7.9,7.9,0.12,2.1,2.1,Matches,0.4291845493562232,10,0.4291845493562232,0.33905579399141633,0.33905579399141633,0.1161764705882353,2.0999999999999996,2.9184549356223175,0.39705882352941174,0.14705882352941177,0.6627013312103549,0.5182093060928232,0.3180657869316511,0.7727272727272728,Distance Shooter
Xavi Simons,NED,MF,RB Leipzig,Bundesliga,21,2003,23.9,10,50,23,46.0,2.09,0.96,0.2,0.43,19.4,4,0,0,5.1,5.1,0.1,4.9,4.9,Matches,0.4184100418410042,10,0.4184100418410042,0.21338912133891214,0.21338912133891214,0.102,4.9,2.092050209205021,0.46,0.2,0.35654264106632944,0.7736775314880309,0.6302584606597172,0.8037190082644626,Balanced Shooter
Dani Olmo,ESP,"MF,FW",Barcelona,La Liga,26,1998,13.5,10,40,15,37.5,2.97,1.11,0.2,0.53,18.1,1,2,2,6.5,4.9,0.12,3.5,3.1,Matches,0.7407407407407407,8,0.5925925925925926,0.48148148148148145,0.362962962962963,0.1625,3.0999999999999996,2.962962962962963,0.375,0.25,0.6791902487055166,0.42867604952908245,0.9251070969584463,0.6694214876033059,Clinical Finisher
Abdoulaye Touré,GUI,MF,Le Havre,Ligue 1,30,1994,25.8,10,38,6,15.8,1.47,0.23,0.05,0.33,25.4,0,8,9,9.4,2.2,0.06,0.6,-0.2,Matches,0.38759689922480617,2,0.07751937984496124,0.3643410852713178,0.08527131782945736,0.2473684210526316,-0.20000000000000018,1.4728682170542635,0.15789473684210525,0.2631578947368421,0.12715389047256653,-0.45251968612457827,1.0026988433528485,1.423553719008264,Balanced Shooter
Jens Stage,DEN,MF,Werder Bremen,Bundesliga,27,1996,24.5,10,44,15,34.1,1.8,0.61,0.23,0.67,12.7,0,0,0,7.2,7.2,0.16,2.8,2.8,Matches,0.40816326530612246,10,0.40816326530612246,0.2938775510204082,0.2938775510204082,0.16363636363636364,2.8,1.7959183673469388,0.3409090909090909,0.22727272727272727,0.24683448728281968,0.2903064712033009,0.7910849895499329,0.11157024793388429,Balanced Shooter
Florian Wirtz,GER,"MF,FW",Leverkusen,Bundesliga,21,2003,26.1,10,74,35,47.3,2.83,1.34,0.11,0.23,19.7,1,2,4,9.4,6.1,0.08,0.6,1.9,Matches,0.38314176245210724,8,0.3065134099616858,0.36015325670498083,0.23371647509578541,0.12702702702702703,1.9000000000000004,2.835249042145594,0.47297297297297297,0.13513513513513514,0.6318759903758039,0.8263327656184903,0.2477521216775822,0.8347107438016528,Distance Shooter
Ritsu Doan,JPN,"FW,MF",Freiburg,Bundesliga,26,1998,31.8,10,61,21,34.4,1.92,0.66,0.16,0.48,16.7,1,0,0,6.6,6.6,0.12,3.4,3.4,Matches,0.31446540880503143,10,0.31446540880503143,0.20754716981132074,0.20754716981132074,0.10819672131147541,3.4000000000000004,1.9182389937106918,0.3442622950819672,0.16393442622950818,0.2921506883499141,0.3039165936615746,0.4175807557885027,0.524793388429752,Balanced Shooter
Danny Welbeck,ENG,FW,Brighton,Premier League,33,1990,23.5,10,59,23,39.0,2.51,0.98,0.15,0.39,15.3,9,1,1,9.6,8.8,0.15,0.4,0.2,Matches,0.425531914893617,9,0.3829787234042553,0.4085106382978723,0.374468085106383,0.16271186440677965,0.1999999999999993,2.5106382978723403,0.3898305084745763,0.1694915254237288,0.5116172393105384,0.48887072484594785,0.450350818172357,0.38016528925619847,Balanced Shooter
Evanilson,BRA,FW,Bournemouth,Premier League,24,1999,25.8,10,72,31,43.1,2.79,1.2,0.14,0.32,12.8,0,0,1,12.5,11.7,0.16,-2.5,-1.7,Matches,0.38759689922480617,10,0.38759689922480617,0.4844961240310077,0.45348837209302323,0.1736111111111111,-1.6999999999999993,2.7906976744186047,0.4305555555555556,0.1388888888888889,0.6153710165398577,0.6541672142081337,0.26988790518349276,0.12190082644628113,Balanced Shooter
Iago Aspas,ESP,"FW,MF",Celta Vigo,La Liga,36,1987,19.4,10,46,18,39.1,2.37,0.93,0.11,0.28,21.3,3,5,6,8.7,4.0,0.09,1.3,1.0,Matches,0.5154639175257733,5,0.2577319587628866,0.4484536082474227,0.2061855670103093,0.1891304347826087,1.0,2.3711340206185567,0.391304347826087,0.21739130434782608,0.4599350000539099,0.4948528043805432,0.7328145080679707,1.0,Clinical Finisher
Mauro Arambarri,URU,MF,Getafe,La Liga,28,1995,29.6,10,53,16,30.2,1.79,0.54,0.13,0.44,18.2,1,3,3,8.2,5.8,0.11,1.8,1.2,Matches,0.33783783783783783,7,0.23648648648648649,0.277027027027027,0.19594594594594594,0.15471698113207547,1.2000000000000002,1.7905405405405403,0.3018867924528302,0.18867924528301888,0.24484216032940753,0.13192116771089704,0.5635002788562314,0.6797520661157024,Balanced Shooter
Dušan Vlahović,SRB,FW,Juventus,Serie A,24,2000,19.8,10,73,25,34.2,3.68,1.26,0.08,0.24,15.9,7,4,4,12.3,9.2,0.13,-2.3,-3.2,Matches,0.5050505050505051,6,0.30303030303030304,0.6212121212121212,0.4646464646464646,0.1684931506849315,-3.1999999999999993,3.686868686868687,0.3424657534246575,0.136986301369863,0.9473760675107517,0.296624716788953,0.2586683984750175,0.44214876033057854,Volume Shooter
Mohamed Amoura,ALG,FW,Wolfsburg,Bundesliga,24,2000,27.4,10,73,25,34.2,2.66,0.91,0.11,0.32,16.8,0,2,2,8.7,7.2,0.1,1.3,0.8,Matches,0.36496350364963503,8,0.29197080291970806,0.3175182481751825,0.26277372262773724,0.11917808219178082,0.7999999999999998,2.664233576642336,0.3424657534246575,0.136986301369863,0.5685197809554697,0.296624716788953,0.2586683984750175,0.5351239669421488,Balanced Shooter
Valentín Castellanos,ARG,FW,Lazio,Serie A,25,1998,26.5,10,105,36,34.3,3.96,1.36,0.08,0.22,16.8,3,2,3,13.4,11.3,0.11,-3.4,-3.3,Matches,0.37735849056603776,8,0.3018867924528302,0.5056603773584906,0.42641509433962266,0.12761904761904763,-3.3000000000000007,3.9622641509433962,0.34285714285714286,0.09523809523809523,1.0494020020891364,0.29821330425048853,0.012480365557618145,0.5351239669421488,Volume Shooter
Ferrán Torres,ESP,"FW,MF",Barcelona,La Liga,24,2000,12.3,10,48,22,45.8,3.91,1.79,0.21,0.45,14.6,2,0,0,8.0,8.0,0.17,2.0,2.0,Matches,0.8130081300813008,10,0.8130081300813008,0.6504065040650406,0.6504065040650406,0.16666666666666666,2.0,3.902439024390244,0.4583333333333333,0.20833333333333334,1.027238549004086,0.7669127965476592,0.6793999000428387,0.30785123966942146,Volume Shooter
Boulaye Dia,SEN,"MF,FW",Lazio,Serie A,27,1996,24.2,9,39,19,48.7,1.61,0.79,0.23,0.47,13.3,0,0,0,7.1,7.1,0.18,1.9,1.9,Matches,0.37190082644628103,9,0.37190082644628103,0.2933884297520661,0.2933884297520661,0.18205128205128204,1.9000000000000004,1.6115702479338843,0.48717948717948717,0.23076923076923078,0.17853892099933782,0.8839947474387051,0.811703775305089,0.17355371900826458,Efficient Poacher
Adrien Rabiot,FRA,MF,Marseille,Ligue 1,29,1995,27.6,9,48,22,45.8,1.74,0.8,0.19,0.41,13.2,0,0,0,7.3,7.3,0.15,1.7,1.7,Matches,0.32608695652173914,9,0.32608695652173914,0.26449275362318836,0.26449275362318836,0.15208333333333332,1.7000000000000002,1.7391304347826086,0.4583333333333333,0.1875,0.22579622540687855,0.7669127965476592,0.5565463015850349,0.16322314049586775,Efficient Poacher
Kai Havertz,GER,"FW,MF",Arsenal,Premier League,25,1999,20.8,9,53,21,39.6,2.54,1.01,0.17,0.43,11.6,0,0,0,9.5,9.5,0.18,-0.5,-0.5,Matches,0.43269230769230765,9,0.43269230769230765,0.4567307692307692,0.4567307692307692,0.1792452830188679,-0.5,2.548076923076923,0.39622641509433965,0.16981132075471697,0.5254871508526952,0.514830692637588,0.4522366425170882,-0.0020661157024792947,Balanced Shooter
Alex Iwobi,NGA,"FW,MF",Fulham,Premier League,28,1996,33.1,9,68,29,42.6,2.05,0.88,0.13,0.31,18.3,0,0,0,4.7,4.7,0.07,4.3,4.3,Matches,0.2719033232628399,9,0.2719033232628399,0.1419939577039275,0.1419939577039275,0.06911764705882353,4.3,2.0543806646525677,0.4264705882352941,0.1323529411764706,0.3425871806849503,0.6375869815111446,0.23134559978496608,0.6900826446280992,Balanced Shooter
Zuriko Davitashvili,GEO,"FW,MF",Saint-Étienne,Ligue 1,23,2001,30.9,9,68,24,35.3,2.2,0.78,0.1,0.29,19.4,5,2,2,8.1,6.6,0.1,0.9,0.4,Matches,0.29126213592233013,7,0.22653721682847897,0.2621359223300971,0.21359223300970873,0.11911764705882352,0.40000000000000036,2.2006472491909386,0.35294117647058826,0.1323529411764706,0.3967746562675811,0.3391427929653416,0.23134559978496608,0.8037190082644626,Balanced Shooter
Sandro Ramírez,ESP,"FW,MF",Las Palmas,La Liga,29,1995,22.6,9,51,20,39.2,2.26,0.88,0.16,0.4,24.3,14,1,1,4.1,3.3,0.06,4.9,4.7,Matches,0.3982300884955752,8,0.35398230088495575,0.1814159292035398,0.14601769911504422,0.08039215686274509,4.7,2.2566371681415927,0.39215686274509803,0.17647058823529413,0.41751727752716306,0.49831302685643647,0.49150616122502117,1.3099173553719008,Balanced Shooter
Jamie Vardy,ENG,FW,Leicester City,Premier League,37,1987,31.4,9,56,23,41.1,1.79,0.73,0.14,0.35,12.1,1,1,2,11.2,9.6,0.17,-2.2,-1.6,Matches,0.28662420382165604,8,0.25477707006369427,0.35668789808917195,0.3057324840764331,0.19999999999999998,-1.5999999999999996,1.78343949044586,0.4107142857142857,0.16071428571428573,0.24221142973683263,0.5736346553941867,0.3985916749964301,0.04958677685950417,Balanced Shooter
Isco,ESP,MF,Betis,La Liga,32,1992,17.2,9,38,9,23.7,2.21,0.52,0.11,0.44,22.0,4,5,6,8.6,3.9,0.1,0.4,0.1,Matches,0.5232558139534884,4,0.23255813953488372,0.5,0.22674418604651164,0.2263157894736842,0.10000000000000009,2.2093023255813953,0.23684210526315788,0.23684210526315788,0.39998110798075864,-0.1320848731596108,0.8475153505640437,1.0723140495867767,Balanced Shooter
Esteban Lepaul,FRA,FW,Angers,Ligue 1,24,2000,18.1,9,41,17,41.5,2.27,0.94,0.22,0.53,13.2,0,0,0,5.1,5.1,0.13,3.9,3.9,Matches,0.49723756906077343,9,0.49723756906077343,0.2817679558011049,0.2817679558011049,0.12439024390243901,3.9000000000000004,2.2651933701657456,0.4146341463414634,0.21951219512195122,0.4206870991903073,0.5895447462818201,0.7453213431177577,0.16322314049586775,Clinical Finisher
Deniz Undav,GER,"FW,MF",Stuttgart,Bundesliga,28,1996,19.2,9,75,31,41.3,3.91,1.62,0.12,0.29,13.9,0,0,0,11.7,11.7,0.16,-2.7,-2.7,Matches,0.46875,9,0.46875,0.609375,0.609375,0.156,-2.6999999999999993,3.90625,0.41333333333333333,0.12,1.028650403587629,0.5842649531576277,0.15850064258175064,0.2355371900826447,Volume Shooter
Benedict Hollerbach,GER,"FW,MF",Union Berlin,Bundesliga,23,2001,28.2,9,76,24,31.6,2.69,0.85,0.12,0.38,16.1,0,0,0,7.0,7.0,0.09,2.0,2.0,Matches,0.3191489361702128,9,0.3191489361702128,0.24822695035460993,0.24822695035460993,0.09210526315789473,2.0,2.6950354609929077,0.3157894736842105,0.11842105263157894,0.579930974847864,0.18834993980535672,0.14918963301442234,0.4628099173553721,Balanced Shooter
Myron Boadu,NED,FW,Bochum,Bundesliga,23,2001,11.6,9,27,13,48.1,2.33,1.12,0.3,0.62,11.7,0,1,1,7.7,6.9,0.26,1.3,1.1,Matches,0.7758620689655172,8,0.6896551724137931,0.6637931034482759,0.5948275862068966,0.2851851851851852,1.0999999999999996,2.3275862068965516,0.48148148148148145,0.3333333333333333,0.443801813515196,0.8608674484972638,1.4165214907896613,0.00826446280991736,Clinical Finisher
Alexis Claude-Maurice,FRA,"MF,FW",Augsburg,Bundesliga,26,1998,23.4,9,59,22,37.3,2.52,0.94,0.15,0.41,20.5,1,0,0,4.7,4.7,0.08,4.3,4.3,Matches,0.38461538461538464,9,0.38461538461538464,0.20085470085470086,0.20085470085470086,0.07966101694915255,4.3,2.5213675213675217,0.3728813559322034,0.15254237288135594,0.5155921016347025,0.42007681019810167,0.35040212790160147,0.9173553719008264,Distance Shooter
Dominic Solanke,ENG,FW,Tottenham,Premier League,26,1997,24.5,9,59,24,40.7,2.41,0.98,0.14,0.33,12.4,0,1,1,10.9,10.1,0.17,-1.9,-2.1,Matches,0.3673469387755102,8,0.32653061224489793,0.4448979591836735,0.4122448979591837,0.1847457627118644,-2.0999999999999996,2.4081632653061225,0.4067796610169492,0.15254237288135594,0.4736532481328097,0.5576646394937941,0.35040212790160147,0.08057851239669432,Balanced Shooter
James Maddison,ENG,MF,Tottenham,Premier League,27,1996,20.1,9,39,17,43.6,1.94,0.85,0.23,0.53,16.7,6,0,0,5.8,5.8,0.15,3.2,3.2,Matches,0.4477611940298507,9,0.4477611940298507,0.2885572139303482,0.2885572139303482,0.14871794871794872,3.2,1.9402985074626864,0.4358974358974359,0.23076923076923078,0.30032309058774265,0.6758490569657347,0.811703775305089,0.524793388429752,Balanced Shooter
Harvey Barnes,ENG,FW,Newcastle Utd,Premier League,26,1997,19.5,9,63,20,31.7,3.23,1.03,0.14,0.45,15.1,0,0,0,7.2,7.2,0.11,1.8,1.8,Matches,0.46153846153846156,9,0.46153846153846156,0.36923076923076925,0.36923076923076925,0.11428571428571428,1.7999999999999998,3.230769230769231,0.31746031746031744,0.14285714285714285,0.7784046088645911,0.19513162896863645,0.29328859060402673,0.3595041322314049,Balanced Shooter
Loïs Openda,BEL,"FW,MF",RB Leipzig,Bundesliga,24,2000,27.3,9,77,31,40.3,2.83,1.14,0.12,0.29,16.8,2,0,1,9.0,8.2,0.11,0.0,0.8,Matches,0.32967032967032966,9,0.32967032967032966,0.32967032967032966,0.30036630036630035,0.11688311688311688,0.8000000000000007,2.8205128205128203,0.4025974025974026,0.11688311688311688,0.6264166528762216,0.5406895176975722,0.14012046785144025,0.5351239669421488,Balanced Shooter
Tomáš Souček,CZE,MF,West Ham,Premier League,29,1995,28.5,9,55,17,30.9,1.93,0.6,0.16,0.53,11.9,0,0,0,6.7,6.7,0.13,2.3,2.3,Matches,0.3157894736842105,9,0.3157894736842105,0.23508771929824562,0.23508771929824562,0.12181818181818183,2.3,1.9298245614035088,0.3090909090909091,0.16363636363636364,0.2964428010593672,0.16116153143257164,0.41582308880609603,0.028925619834710856,Balanced Shooter
Matthis Abline,FRA,FW,Nantes,Ligue 1,21,2003,30.8,9,73,26,35.6,2.37,0.85,0.11,0.31,15.0,0,1,1,8.5,7.7,0.11,0.5,0.3,Matches,0.2922077922077922,8,0.2597402597402597,0.275974025974026,0.25,0.11643835616438356,0.2999999999999998,2.37012987012987,0.3561643835616438,0.1232876712328767,0.45956299177697685,0.3522252779426917,0.1778879501739958,0.34917355371900827,Balanced Shooter
Iliman Ndiaye,SEN,FW,Everton,Premier League,24,2000,27.0,9,35,15,42.9,1.3,0.56,0.2,0.47,17.1,0,2,2,6.2,4.7,0.13,2.8,2.3,Matches,0.3333333333333333,7,0.25925925925925924,0.22962962962962963,0.17407407407407408,0.17714285714285716,2.3,1.2962962962962963,0.42857142857142855,0.2571428571428571,0.06173917750276612,0.6461139583267389,0.9672283307154074,0.566115702479339,Balanced Shooter
Che Adams,SCO,FW,Torino,Serie A,28,1996,29.5,9,63,25,39.7,2.14,0.85,0.14,0.36,15.7,0,0,1,9.0,8.2,0.13,0.0,0.8,Matches,0.3050847457627119,9,0.3050847457627119,0.3050847457627119,0.27796610169491526,0.14285714285714285,0.8000000000000007,2.135593220338983,0.3968253968253968,0.14285714285714285,0.37267404838716445,0.5172618642244239,0.29328859060402673,0.42148760330578505,Balanced Shooter
Lamine Yamal,ESP,FW,Barcelona,La Liga,17,2007,31.7,9,144,46,31.9,4.54,1.45,0.06,0.2,19.4,0,0,0,9.8,9.8,0.07,-0.8,-0.8,Matches,0.28391167192429023,9,0.28391167192429023,0.30914826498422715,0.30914826498422715,0.06805555555555556,-0.8000000000000007,4.542586750788644,0.3194444444444444,0.0625,1.2643944886397043,0.2031848848500311,-0.18057528916178775,0.8037190082644626,Distance Shooter
Mikel Oyarzabal,ESP,FW,Real Sociedad,La Liga,27,1997,25.0,9,39,13,33.3,1.56,0.52,0.13,0.38,13.4,0,4,4,9.9,6.8,0.17,-0.9,-1.8,Matches,0.36,5,0.2,0.396,0.272,0.25384615384615383,-1.7999999999999998,1.56,0.3333333333333333,0.23076923076923078,0.1594336581019569,0.25955767601979396,0.811703775305089,0.18388429752066124,Balanced Shooter
Jude Bellingham,ENG,MF,Real Madrid,La Liga,21,2003,27.6,9,60,22,36.7,2.17,0.8,0.13,0.36,15.6,0,1,2,11.4,9.9,0.17,-2.4,-1.9,Matches,0.32608695652173914,8,0.2898550724637681,0.41304347826086957,0.358695652173913,0.19,-1.9000000000000004,2.1739130434782608,0.36666666666666664,0.15,0.38687041789455257,0.39485237482722463,0.33540982436098804,0.4111570247933884,Balanced Shooter
Jonas Wind,DEN,"FW,MF",Wolfsburg,Bundesliga,25,1999,21.8,9,38,11,28.9,1.74,0.5,0.21,0.73,13.4,0,1,2,5.7,4.0,0.1,3.3,4.0,Matches,0.4128440366972477,8,0.36697247706422015,0.26146788990825687,0.18348623853211007,0.15,4.0,1.7431192660550459,0.2894736842105263,0.23684210526315788,0.2272739702920866,0.081538335483701,0.8475153505640437,0.18388429752066124,Balanced Shooter
Giovani Lo Celso,ARG,"MF,FW",Betis,La Liga,28,1996,16.2,8,31,16,51.6,1.91,0.99,0.19,0.38,22.0,4,2,3,4.8,2.4,0.08,3.2,3.6,Matches,0.4938271604938272,6,0.3703703703703704,0.2962962962962963,0.14814814814814814,0.15483870967741936,3.6,1.9135802469135803,0.5161290322580645,0.25806451612903225,0.2904247594297108,1.0014963468992528,0.9726633286195315,1.0723140495867767,Balanced Shooter
Mattia Zaccagni,ITA,FW,Lazio,Serie A,29,1995,29.8,8,46,14,30.4,1.54,0.47,0.13,0.43,17.3,2,2,2,6.4,4.9,0.11,1.6,1.1,Matches,0.2684563758389262,6,0.20134228187919462,0.21476510067114093,0.1644295302013423,0.1391304347826087,1.0999999999999996,1.5436241610738255,0.30434782608695654,0.17391304347826086,0.1533668905298708,0.14191011183941954,0.47642438954733674,0.5867768595041323,Balanced Shooter
Beto,GNB,FW,Everton,Premier League,26,1998,17.0,8,49,23,46.9,2.87,1.35,0.16,0.35,13.1,0,0,0,8.2,8.2,0.17,-0.2,-0.2,Matches,0.47058823529411764,8,0.47058823529411764,0.48235294117647054,0.48235294117647054,0.16734693877551018,-0.1999999999999993,2.8823529411764706,0.46938775510204084,0.16326530612244897,0.6493266021244686,0.8117809364582869,0.41363497276677325,0.1528925619834711,Balanced Shooter
Dani Raba,ESP,"FW,MF",Leganés,La Liga,28,1995,20.9,8,39,12,30.8,1.87,0.57,0.1,0.33,25.5,4,4,5,7.5,3.6,0.09,0.5,0.4,Matches,0.3827751196172249,4,0.19138755980861244,0.35885167464114837,0.1722488038277512,0.19230769230769232,0.3999999999999999,1.8660287081339715,0.3076923076923077,0.20512820512820512,0.27280831029562563,0.1554848307833089,0.6604993464339457,1.433884297520661,Balanced Shooter
Rodrigo Muniz,BRA,FW,Fulham,Premier League,23,2001,10.7,8,39,19,48.7,3.64,1.77,0.21,0.42,12.0,0,0,0,5.8,5.8,0.15,2.2,2.2,Matches,0.7476635514018692,8,0.7476635514018692,0.5420560747663552,0.5420560747663552,0.14871794871794872,2.2,3.6448598130841123,0.48717948717948717,0.20512820512820512,0.9318130130397677,0.8839947474387051,0.6604993464339457,0.039256198347107515,Penalty Box Scorer
Jacob Murphy,ENG,FW,Newcastle Utd,Premier League,29,1995,26.2,8,43,15,34.9,1.64,0.57,0.19,0.53,18.2,0,0,0,5.7,5.7,0.13,2.3,2.3,Matches,0.3053435114503817,8,0.3053435114503817,0.21755725190839695,0.21755725190839695,0.1325581395348837,2.3,1.6412213740458015,0.3488372093023256,0.18604651162790697,0.18952379274744052,0.3224854429069711,0.5479751202972811,0.6797520661157024,Balanced Shooter
Maximilian Beier,GER,"FW,MF",Dortmund,Bundesliga,21,2002,17.7,8,42,13,31.0,2.38,0.74,0.19,0.62,12.6,0,0,0,7.7,7.7,0.18,0.3,0.3,Matches,0.4519774011299435,8,0.4519774011299435,0.43502824858757067,0.43502824858757067,0.18333333333333335,0.2999999999999998,2.3728813559322033,0.30952380952380953,0.19047619047619047,0.4605823364906068,0.16291860544305783,0.5740968156504354,0.10123966942148763,Balanced Shooter
Rafael Leão,POR,FW,Milan,Serie A,25,1999,25.8,8,66,29,43.9,2.56,1.12,0.12,0.28,16.6,0,0,0,7.6,7.6,0.11,0.4,0.4,Matches,0.31007751937984496,8,0.31007751937984496,0.2945736434108527,0.2945736434108527,0.11515151515151514,0.40000000000000036,2.558139534883721,0.4393939393939394,0.12121212121212122,0.5292150531162181,0.6900408085888918,0.1656484883102047,0.5144628099173555,Balanced Shooter
Dan Ndoye,SUI,FW,Bologna,Serie A,23,2000,23.8,8,50,17,34.0,2.1,0.71,0.12,0.35,17.5,0,2,2,7.0,5.4,0.11,1.0,0.6,Matches,0.3361344537815126,6,0.25210084033613445,0.29411764705882354,0.226890756302521,0.14,0.5999999999999996,2.100840336134454,0.34,0.16,0.35979912503948136,0.2866166157812803,0.3943795516207339,0.6074380165289256,Balanced Shooter
Victor Boniface,NGA,FW,Leverkusen,Bundesliga,23,2000,11.2,8,50,17,34.0,4.46,1.52,0.16,0.47,14.5,0,0,1,7.8,7.1,0.14,0.2,0.9,Matches,0.7142857142857143,8,0.7142857142857143,0.6964285714285715,0.6339285714285714,0.156,0.9000000000000004,4.464285714285714,0.34,0.16,1.2353862533206927,0.2866166157812803,0.3943795516207339,0.2975206611570248,Volume Shooter
Randal Kolo Muani,FRA,FW,Juventus,Serie A,25,1998,12.9,8,25,13,52.0,1.94,1.01,0.28,0.54,13.2,0,1,1,4.7,3.9,0.16,3.3,3.1,Matches,0.6201550387596899,7,0.5426356589147286,0.3643410852713178,0.3023255813953488,0.188,3.1,1.937984496124031,0.52,0.32,0.29946581731984573,1.017207989341406,1.337895187776667,0.16322314049586775,Efficient Poacher
Diego López,ESP,"MF,FW",Valencia,La Liga,22,2002,30.4,8,44,14,31.8,1.45,0.46,0.18,0.57,15.1,0,0,0,6.6,6.6,0.15,1.4,1.4,Matches,0.2631578947368421,8,0.2631578947368421,0.21710526315789475,0.21710526315789475,0.15,1.4000000000000004,1.4473684210526316,0.3181818181818182,0.18181818181818182,0.11770696465857101,0.19806008565278002,0.5230407747329066,0.3595041322314049,Balanced Shooter
Santiago Castro,ARG,FW,Bologna,Serie A,19,2004,25.5,8,62,20,32.3,2.43,0.78,0.13,0.4,15.8,0,0,1,7.7,6.9,0.11,0.3,1.1,Matches,0.3137254901960784,8,0.3137254901960784,0.30196078431372547,0.2705882352941177,0.12419354838709677,1.0999999999999996,2.4313725490196076,0.3225806451612903,0.12903225806451613,0.4822516063872536,0.21591422479159053,0.2117636220421662,0.4318181818181819,Balanced Shooter
Rayan Cherki,FRA,"FW,MF",Lyon,Ligue 1,20,2003,22.7,8,45,19,42.2,1.98,0.84,0.18,0.42,16.8,3,0,0,5.0,5.0,0.11,3.0,3.0,Matches,0.3524229074889868,8,0.3524229074889868,0.22026431718061676,0.22026431718061676,0.1111111111111111,3.0,1.9823788546255507,0.4222222222222222,0.17777777777777778,0.31591262384711916,0.620343539506276,0.4992146223047265,0.5351239669421488,Balanced Shooter
Gabriel Martinelli,BRA,"FW,MF",Arsenal,Premier League,23,2001,25.4,8,55,24,43.6,2.16,0.94,0.15,0.33,12.9,0,0,0,7.4,7.4,0.14,0.6,0.6,Matches,0.31496062992125984,8,0.31496062992125984,0.2913385826771654,0.2913385826771654,0.13454545454545455,0.5999999999999996,2.1653543307086616,0.43636363636363634,0.14545454545454545,0.3836996660739292,0.6777412905154889,0.3086054028792854,0.13223140495867777,Balanced Shooter
Leandro Trossard,BEL,FW,Arsenal,Premier League,29,1994,28.3,8,72,21,29.2,2.55,0.74,0.11,0.38,15.9,0,0,0,7.2,7.2,0.1,0.8,0.8,Matches,0.2826855123674912,8,0.2826855123674912,0.254416961130742,0.254416961130742,0.1,0.7999999999999998,2.5441696113074204,0.2916666666666667,0.1111111111111111,0.5240396065501336,0.09043930251050568,0.10608310723975435,0.44214876033057854,Balanced Shooter
Phil Harres,GER,FW,Holstein Kiel,Bundesliga,22,2002,17.2,8,37,17,45.9,2.16,0.99,0.22,0.47,12.7,0,0,0,5.9,5.9,0.16,2.1,2.1,Matches,0.46511627906976744,8,0.46511627906976744,0.34302325581395354,0.34302325581395354,0.15945945945945947,2.0999999999999996,2.1511627906976747,0.4594594594594595,0.21621621621621623,0.3784421171248488,0.7714835633992617,0.725885045405251,0.11157024793388429,Efficient Poacher
Ismaila Sarr,SEN,MF,Crystal Palace,Premier League,26,1998,30.1,8,59,29,49.2,1.96,0.96,0.14,0.28,13.2,0,0,0,10.8,10.8,0.19,-2.8,-2.8,Matches,0.26578073089700993,8,0.26578073089700993,0.3588039867109635,0.3588039867109635,0.18305084745762712,-2.8000000000000007,1.9601328903654485,0.4915254237288136,0.13559322033898305,0.3076711471697162,0.9016342127330247,0.2504534376308458,0.16322314049586775,Efficient Poacher
Adam Hložek,CZE,"FW,MF",Hoffenheim,Bundesliga,22,2002,20.8,8,59,24,40.7,2.84,1.15,0.14,0.33,17.3,1,0,0,5.6,5.6,0.1,2.4,2.4,Matches,0.3846153846153846,8,0.3846153846153846,0.2692307692307692,0.2692307692307692,0.09491525423728812,2.4000000000000004,2.8365384615384612,0.4067796610169492,0.13559322033898305,0.6323536824070173,0.5576646394937941,0.2504534376308458,0.5867768595041323,Balanced Shooter
Assane Diao,SEN,"FW,MF",Como,Serie A,18,2005,13.9,8,28,13,46.4,2.01,0.93,0.29,0.62,15.5,0,0,0,4.0,4.0,0.14,4.0,4.0,Matches,0.5755395683453237,8,0.5755395683453237,0.28776978417266186,0.28776978417266186,0.14285714285714285,4.0,2.014388489208633,0.4642857142857143,0.2857142857142857,0.3277712537443988,0.7910725641918434,1.1357132657432527,0.40082644628099173,Balanced Shooter
Sebastiano Esposito,ITA,"FW,MF",Empoli,Serie A,22,2002,25.9,8,59,19,32.2,2.28,0.73,0.12,0.37,19.8,10,1,2,5.7,4.2,0.07,2.3,2.8,Matches,0.3088803088803089,7,0.2702702702702703,0.2200772200772201,0.16216216216216217,0.09661016949152543,2.8,2.2779922779922783,0.3220338983050847,0.13559322033898305,0.425428718798938,0.21369506625456317,0.2504534376308458,0.8450413223140496,Balanced Shooter
Marvin Ducksch,GER,FW,Werder Bremen,Bundesliga,30,1994,26.9,8,70,27,38.6,2.61,1.0,0.1,0.26,17.3,8,1,2,10.1,8.5,0.12,-2.1,-1.5,Matches,0.29739776951672864,7,0.26022304832713755,0.3754646840148699,0.3159851301115242,0.14428571428571427,-1.5,2.6022304832713754,0.38571428571428573,0.11428571428571428,0.5455494551035995,0.4721636312886138,0.1248036555761816,0.5867768595041323,Balanced Shooter
Amad Diallo,CIV,"MF,FW",Manchester Utd,Premier League,22,2002,21.1,8,47,17,36.2,2.23,0.8,0.17,0.47,17.5,0,0,0,4.7,4.7,0.1,3.3,3.3,Matches,0.3791469194312796,8,0.3791469194312796,0.22274881516587677,0.22274881516587677,0.1,3.3,2.2274881516587675,0.3617021276595745,0.1702127659574468,0.40671842265606684,0.37470210053675646,0.4546039539285594,0.6074380165289256,Balanced Shooter
Jamie Gittens,ENG,"FW,MF",Dortmund,Bundesliga,19,2004,19.7,8,52,24,46.2,2.64,1.22,0.15,0.33,17.1,0,0,0,3.6,3.6,0.07,4.4,4.4,Matches,0.40609137055837563,8,0.40609137055837563,0.18274111675126906,0.18274111675126906,0.06923076923076923,4.4,2.6395939086294415,0.46153846153846156,0.15384615384615385,0.5593915073102846,0.77992190220222,0.3580904886916596,0.566115702479339,Balanced Shooter
Eberechi Eze,ENG,"MF,FW",Crystal Palace,Premier League,26,1998,28.8,8,100,27,27.0,3.48,0.94,0.07,0.26,21.6,16,1,2,10.4,8.9,0.09,-2.4,-1.9,Matches,0.2777777777777778,7,0.24305555555555555,0.3611111111111111,0.3090277777777778,0.10400000000000001,-1.9000000000000004,3.4722222222222223,0.27,0.08,0.867855853795246,0.0024977482856756985,-0.07737826645723257,1.0309917355371903,Distance Shooter
Florian Thauvin,FRA,"FW,MF",Udinese,Serie A,31,1993,21.7,8,51,23,45.1,2.35,1.06,0.14,0.3,18.5,3,1,3,8.1,5.7,0.11,-0.1,1.3,Matches,0.3686635944700461,7,0.3225806451612903,0.37327188940092165,0.26267281105990786,0.1588235294117647,1.2999999999999998,2.350230414746544,0.45098039215686275,0.1568627450980392,0.4521908277513053,0.737068377693079,0.3758792450294411,0.7107438016528925,Balanced Shooter
Morgan Rogers,ENG,"FW,MF",Aston Villa,Premier League,22,2002,34.6,8,55,20,36.4,1.59,0.58,0.15,0.4,15.9,0,0,0,6.6,6.6,0.12,1.4,1.4,Matches,0.23121387283236994,8,0.23121387283236994,0.1907514450867052,0.1907514450867052,0.12,1.4000000000000004,1.5895953757225434,0.36363636363636365,0.14545454545454545,0.17039787596747624,0.382552856753822,0.3086054028792854,0.44214876033057854,Balanced Shooter
Moses Simon,NGA,"FW,MF",Nantes,Ligue 1,29,1995,29.0,8,40,13,32.5,1.38,0.45,0.1,0.31,19.6,2,4,4,5.8,2.7,0.07,2.2,1.3,Matches,0.27586206896551724,4,0.13793103448275862,0.19999999999999998,0.09310344827586207,0.145,1.2999999999999998,1.3793103448275863,0.325,0.2,0.0924934454170794,0.2257340013179364,0.6302584606597172,0.8243801652892563,Balanced Shooter
Vincenzo Grifo,ITA,"FW,MF",Freiburg,Bundesliga,31,1993,27.0,8,63,26,41.3,2.33,0.96,0.13,0.31,20.8,10,0,3,7.9,5.6,0.09,0.1,2.4,Matches,0.2962962962962963,8,0.2962962962962963,0.2925925925925926,0.2074074074074074,0.1253968253968254,2.4000000000000004,2.3333333333333335,0.4126984126984127,0.12698412698412698,0.44593095514003317,0.5816879112755814,0.19968584892189054,0.9483471074380165,Balanced Shooter
Antoine Griezmann,FRA,"FW,MF",Atlético Madrid,La Liga,33,1991,27.4,8,48,17,35.4,1.75,0.62,0.15,0.41,18.5,5,1,2,7.4,5.9,0.13,0.6,1.1,Matches,0.29197080291970806,7,0.25547445255474455,0.27007299270072993,0.21532846715328469,0.15416666666666667,1.0999999999999996,1.7518248175182483,0.3541666666666667,0.16666666666666666,0.23049912153790558,0.3441168627744383,0.43369270312723107,0.7107438016528925,Balanced Shooter
Bruno Fernandes,POR,MF,Manchester Utd,Premier League,29,1994,33.5,8,93,26,28.0,2.77,0.78,0.05,0.19,22.6,12,3,3,9.9,7.6,0.08,-1.9,-2.6,Matches,0.23880597014925373,5,0.14925373134328357,0.2955223880597015,0.22686567164179103,0.10645161290322581,-2.5999999999999996,2.7761194029850746,0.27956989247311825,0.08602150537634409,0.6099701949521071,0.0413404198787766,-0.04186961348362216,1.1342975206611572,Distance Shooter
Gorka Guruzeta,ESP,FW,Athletic Club,La Liga,27,1996,20.4,7,59,19,32.2,2.89,0.93,0.12,0.37,13.6,0,0,0,6.7,6.6,0.11,0.3,0.4,Matches,0.3431372549019608,7,0.3431372549019608,0.32843137254901966,0.3235294117647059,0.1135593220338983,0.40000000000000036,2.8921568627450984,0.3220338983050847,0.11864406779661017,0.6529586672491907,0.21369506625456317,0.15050474736009023,0.20454545454545456,Balanced Shooter
Corentin Tolisso,FRA,MF,Lyon,Ligue 1,29,1994,25.9,7,51,18,35.3,1.97,0.7,0.14,0.39,16.4,0,0,0,5.3,5.3,0.1,1.7,1.7,Matches,0.2702702702702703,7,0.2702702702702703,0.20463320463320464,0.20463320463320464,0.10392156862745097,1.7000000000000002,1.9691119691119692,0.35294117647058826,0.13725490196078433,0.310997632243988,0.3391427929653416,0.2602523288338611,0.49380165289256184,Balanced Shooter
Omar Marmoush,EGY,"FW,MF",Manchester City,Premier League,25,1999,13.1,7,49,17,34.7,3.75,1.3,0.14,0.41,18.6,7,0,0,5.5,5.5,0.11,1.5,1.5,Matches,0.5343511450381679,7,0.5343511450381679,0.41984732824427484,0.41984732824427484,0.11224489795918367,1.5,3.740458015267176,0.3469387755102041,0.14285714285714285,0.9672293404455614,0.31478000206364326,0.29328859060402673,0.7210743801652894,Distance Shooter
Jáder Durán,COL,FW,Aston Villa,Premier League,20,2003,7.1,7,31,15,48.4,4.37,2.12,0.23,0.47,15.6,0,0,0,4.9,4.9,0.16,2.1,2.1,Matches,0.9859154929577465,7,0.9859154929577465,0.6901408450704226,0.6901408450704226,0.15806451612903227,2.0999999999999996,4.366197183098592,0.4838709677419355,0.22580645161290322,1.1990473321281767,0.8705659932146426,0.7824384019751901,0.4111570247933884,Volume Shooter
Denzel Dumfries,NED,"DF,FW",Inter,Serie A,28,1996,20.7,7,36,19,52.8,1.74,0.92,0.19,0.37,10.5,0,0,0,5.4,5.4,0.15,1.6,1.6,Matches,0.33816425120772947,7,0.33816425120772947,0.26086956521739135,0.26086956521739135,0.15000000000000002,1.5999999999999996,1.7391304347826086,0.5277777777777778,0.19444444444444445,0.22579622540687855,1.0487767523964733,0.5974975010709694,-0.11570247933884288,Efficient Poacher
Vedat Muriqi,KVX,FW,Mallorca,La Liga,30,1994,22.9,7,52,16,30.8,2.27,0.7,0.1,0.31,12.3,0,2,3,9.7,7.3,0.14,-2.7,-2.3,Matches,0.30567685589519655,5,0.2183406113537118,0.42358078602620086,0.31877729257641924,0.18653846153846151,-2.3,2.2707423580786026,0.3076923076923077,0.1346153846153846,0.4227428363088381,0.1554848307833089,0.24468716703830218,0.07024793388429766,Balanced Shooter
Alex Baena,ESP,"MF,FW",Villarreal,La Liga,23,2001,28.8,7,69,17,24.6,2.39,0.59,0.1,0.41,21.0,8,0,1,7.1,6.3,0.09,-0.1,0.7,Matches,0.24305555555555555,7,0.24305555555555555,0.24652777777777776,0.21875,0.10289855072463767,0.7000000000000002,2.3958333333333335,0.2463768115942029,0.10144927536231885,0.4690853703101363,-0.09338501652132958,0.049107525346280205,0.9690082644628099,Balanced Shooter
Serge Gnabry,GER,"FW,MF",Bayern Munich,Bundesliga,29,1995,13.8,7,48,17,35.4,3.48,1.23,0.15,0.41,15.7,0,0,1,7.5,6.8,0.14,-0.5,0.2,Matches,0.5072463768115941,7,0.5072463768115941,0.5434782608695652,0.49275362318840576,0.15625,0.20000000000000018,3.4782608695652173,0.3541666666666667,0.14583333333333334,0.8700929953575747,0.3441168627744383,0.3108391046694274,0.42148760330578505,Volume Shooter
Mikel Merino,ESP,"MF,FW",Arsenal,Premier League,28,1996,17.6,7,38,13,34.2,2.16,0.74,0.18,0.54,10.7,0,0,0,5.9,5.9,0.16,1.1,1.1,Matches,0.3977272727272727,7,0.3977272727272727,0.3352272727272727,0.3352272727272727,0.15526315789473685,1.0999999999999996,2.1590909090909087,0.34210526315789475,0.18421052631578946,0.3813792522415636,0.2951615441270127,0.5371483649864343,-0.09504132231404956,Balanced Shooter
Kenan Yıldız,TUR,"FW,MF",Juventus,Serie A,19,2005,26.7,7,61,22,36.1,2.29,0.82,0.11,0.32,17.5,0,0,0,4.3,4.3,0.07,2.7,2.7,Matches,0.2621722846441948,7,0.2621722846441948,0.16104868913857678,0.16104868913857678,0.07049180327868852,2.7,2.2846441947565546,0.36065573770491804,0.11475409836065574,0.42789305867793037,0.3704549701242455,0.12756570369139222,0.6074380165289256,Balanced Shooter
Marvin Pieringer,GER,"FW,MF",Heidenheim,Bundesliga,24,1999,24.5,7,57,17,29.8,2.33,0.69,0.07,0.24,15.1,1,3,3,8.9,6.6,0.12,-1.9,-2.6,Matches,0.2857142857142857,4,0.16326530612244897,0.363265306122449,0.2693877551020408,0.156140350877193,-2.5999999999999996,2.326530612244898,0.2982456140350877,0.12280701754385964,0.4434107466861443,0.1171422035909195,0.17505354847922314,0.3595041322314049,Balanced Shooter
Nadiem Amiri,GER,MF,Mainz 05,Bundesliga,27,1996,27.5,7,60,24,40.0,2.18,0.87,0.08,0.21,24.7,10,2,2,5.5,3.9,0.07,1.5,1.1,Matches,0.2545454545454545,5,0.18181818181818182,0.2,0.14181818181818182,0.09166666666666666,1.1,2.1818181818181817,0.4,0.11666666666666667,0.38979903957614664,0.5301470736346555,0.13884406682850206,1.3512396694214874,Balanced Shooter
Phil Foden,ENG,"MF,FW",Manchester City,Premier League,24,2000,19.7,7,54,16,29.6,2.73,0.81,0.13,0.44,18.6,2,0,0,5.2,5.2,0.1,1.8,1.8,Matches,0.3553299492385787,7,0.3553299492385787,0.2639593908629442,0.2639593908629442,0.0962962962962963,1.7999999999999998,2.7411167512690358,0.2962962962962963,0.12962962962962962,0.5970027400739041,0.10923023290042647,0.21528630586891326,0.7210743801652894,Distance Shooter
Samuel Essende,COD,FW,Augsburg,Bundesliga,26,1998,18.2,7,44,13,29.5,2.42,0.72,0.16,0.54,13.9,0,0,0,4.2,4.2,0.1,2.8,2.8,Matches,0.38461538461538464,7,0.38461538461538464,0.23076923076923078,0.23076923076923078,0.09545454545454546,2.8,2.417582417582418,0.29545454545454547,0.1590909090909091,0.4771427675305019,0.10581370010225916,0.38901866732439333,0.2355371900826447,Balanced Shooter
Son Heung-min,KOR,FW,Tottenham,Premier League,32,1992,23.4,7,55,24,43.6,2.35,1.02,0.11,0.25,17.0,1,1,2,7.2,5.6,0.1,-0.2,0.4,Matches,0.29914529914529914,6,0.25641025641025644,0.3076923076923077,0.23931623931623933,0.13090909090909092,0.40000000000000036,2.3504273504273505,0.43636363636363634,0.12727272727272726,0.4522637866395485,0.6777412905154889,0.20138771695247482,0.5557851239669421,Balanced Shooter
Noni Madueke,ENG,FW,Chelsea,Premier League,22,2002,22.6,7,80,30,37.5,3.54,1.33,0.09,0.23,14.4,0,0,0,9.6,9.6,0.12,-2.6,-2.6,Matches,0.30973451327433627,7,0.30973451327433627,0.42477876106194684,0.42477876106194684,0.12,-2.5999999999999996,3.5398230088495573,0.375,0.0875,0.8928999606655639,0.42867604952908245,-0.03315097101242326,0.2871900826446282,Volume Shooter
Alexander Bernhardsson,SWE,"FW,MF",Holstein Kiel,Bundesliga,25,1998,14.0,7,27,14,51.9,1.92,1.0,0.26,0.5,17.5,0,0,0,4.1,4.1,0.15,2.9,2.9,Matches,0.5,7,0.5,0.2928571428571428,0.2928571428571428,0.15185185185185185,2.9000000000000004,1.9285714285714286,0.5185185185185185,0.25925925925925924,0.2959785521336509,1.0111948916166313,0.9797086962730256,0.6074380165289256,Balanced Shooter
Phillip Tietz,GER,FW,Augsburg,Bundesliga,27,1997,18.7,7,51,19,37.3,2.72,1.01,0.12,0.32,16.3,3,1,1,6.1,5.3,0.1,0.9,0.7,Matches,0.37433155080213903,6,0.32085561497326204,0.3262032085561497,0.28342245989304815,0.1196078431372549,0.7000000000000002,2.7272727272727275,0.37254901960784315,0.13725490196078433,0.5918739356061379,0.41872790991088904,0.2602523288338611,0.48347107438016534,Balanced Shooter
Patrick Cutrone,ITA,FW,Como,Serie A,26,1998,22.7,7,69,26,37.7,3.03,1.14,0.1,0.27,15.9,0,0,1,7.1,6.3,0.09,-0.1,0.7,Matches,0.30837004405286345,7,0.30837004405286345,0.31277533039647576,0.2775330396475771,0.10289855072463767,0.7000000000000002,3.039647577092511,0.37681159420289856,0.10144927536231885,0.7075996469889521,0.4360290222903559,0.049107525346280205,0.44214876033057854,Balanced Shooter
Morgan Gibbs-White,ENG,MF,Nott'ham Forest,Premier League,24,2000,31.1,7,61,21,34.4,1.96,0.67,0.11,0.33,17.4,4,0,0,6.3,6.3,0.1,0.7,0.7,Matches,0.22508038585209003,7,0.22508038585209003,0.202572347266881,0.202572347266881,0.10327868852459016,0.7000000000000002,1.9614147909967845,0.3442622950819672,0.11475409836065574,0.30814605372051257,0.3039165936615746,0.12756570369139222,0.5971074380165288,Balanced Shooter
Zakaria Aboukhlal,MAR,"MF,FW",Toulouse,Ligue 1,24,2000,21.1,7,62,26,41.9,2.94,1.23,0.1,0.23,14.6,0,1,2,10.2,8.6,0.14,-3.2,-2.6,Matches,0.33175355450236965,6,0.2843601895734597,0.48341232227488146,0.4075829383886255,0.16451612903225804,-2.5999999999999996,2.9383886255924168,0.41935483870967744,0.11290322580645161,0.6700861781453917,0.6087052858454218,0.11665115871999555,0.30785123966942146,Balanced Shooter
Alexis Saelemaekers,BEL,"DF,FW",Roma,Serie A,25,1999,15.4,7,25,12,48.0,1.62,0.78,0.28,0.58,16.7,0,0,0,2.5,2.5,0.1,4.5,4.5,Matches,0.45454545454545453,7,0.45454545454545453,0.16233766233766234,0.16233766233766234,0.1,4.5,1.6233766233766234,0.48,0.28,0.1829128364978225,0.8548543507724892,1.102016278737684,0.524793388429752,Balanced Shooter
Charles De Ketelaere,BEL,"MF,FW",Atalanta,Serie A,23,2001,23.0,7,48,20,41.7,2.09,0.87,0.15,0.35,12.2,0,0,0,7.3,7.3,0.15,-0.3,-0.3,Matches,0.30434782608695654,7,0.30434782608695654,0.3173913043478261,0.3173913043478261,0.15208333333333332,-0.2999999999999998,2.0869565217391304,0.4166666666666667,0.14583333333333334,0.3546555793970178,0.5977944230383709,0.3108391046694274,0.05991735537190082,Balanced Shooter
Dejan Kulusevski,SWE,"MF,FW",Tottenham,Premier League,24,2000,26.5,7,47,17,36.2,1.77,0.64,0.15,0.41,14.7,0,0,0,4.2,4.2,0.09,2.8,2.8,Matches,0.2641509433962264,7,0.2641509433962264,0.15849056603773587,0.15849056603773587,0.08936170212765958,2.8,1.7735849056603774,0.3617021276595745,0.14893617021276595,0.23856059537759994,0.37470210053675646,0.32913644912058954,0.3181818181818181,Balanced Shooter
Lee Jae-sung,KOR,MF,Mainz 05,Bundesliga,31,1992,29.4,7,40,15,37.5,1.36,0.51,0.18,0.47,10.8,0,0,0,5.3,5.3,0.13,1.7,1.7,Matches,0.2380952380952381,7,0.2380952380952381,0.18027210884353742,0.18027210884353742,0.1325,1.7000000000000002,1.3605442176870748,0.375,0.175,0.0855411462339379,0.42867604952908245,0.48283414251035256,-0.08471074380165272,Balanced Shooter
Marius Bülter,GER,"FW,DF",Hoffenheim,Bundesliga,31,1993,19.2,7,37,15,40.5,1.93,0.78,0.19,0.47,16.2,0,0,0,3.7,3.7,0.1,3.3,3.3,Matches,0.36458333333333337,7,0.36458333333333337,0.19270833333333334,0.19270833333333334,0.1,3.3,1.9270833333333335,0.40540540540540543,0.1891891891891892,0.29542725653436275,0.552086754522347,0.5665074041626947,0.4731404958677685,Balanced Shooter
Cyle Larin,CAN,FW,Mallorca,La Liga,29,1995,19.6,7,38,14,36.8,1.94,0.71,0.16,0.43,11.7,0,1,1,6.9,6.1,0.16,0.1,-0.1,Matches,0.3571428571428571,6,0.3061224489795918,0.3520408163265306,0.3112244897959183,0.18157894736842106,-0.09999999999999964,1.9387755102040816,0.3684210526315789,0.18421052631578946,0.299758864814484,0.4019731484486684,0.5371483649864343,0.00826446280991736,Balanced Shooter
Andrej Ilic,SRB,FW,Union Berlin,Bundesliga,24,2000,10.4,7,27,11,40.7,2.59,1.06,0.22,0.55,12.1,0,1,1,4.9,4.1,0.15,2.1,1.9,Matches,0.673076923076923,6,0.5769230769230769,0.47115384615384615,0.39423076923076916,0.1814814814814815,1.9000000000000004,2.5961538461538463,0.4074074074074074,0.25925925925925924,0.5432982394450823,0.5602125622585289,0.9797086962730256,0.04958677685950417,Clinical Finisher
Abdallah Sima,SEN,"FW,MF",Brest,Ligue 1,23,2001,13.8,7,37,18,48.6,2.69,1.31,0.19,0.39,13.1,0,0,0,5.9,5.9,0.16,1.1,1.1,Matches,0.5072463768115941,7,0.5072463768115941,0.427536231884058,0.427536231884058,0.15945945945945947,1.0999999999999996,2.681159420289855,0.4864864864864865,0.1891891891891892,0.5747903091301723,0.8811819678377191,0.5665074041626947,0.1528925619834711,Balanced Shooter
Dango Ouattara,BFA,FW,Bournemouth,Premier League,22,2002,22.3,7,62,20,32.3,2.78,0.9,0.11,0.35,13.5,1,0,0,8.4,8.4,0.14,-1.4,-1.4,Matches,0.3139013452914798,7,0.3139013452914798,0.37668161434977576,0.37668161434977576,0.13548387096774195,-1.4000000000000004,2.780269058295964,0.3225806451612903,0.11290322580645161,0.6115075204222057,0.21591422479159053,0.11665115871999555,0.1942148760330579,Balanced Shooter
Karim Adeyemi,GER,"FW,MF",Dortmund,Bundesliga,22,2002,15.9,7,46,18,39.1,2.89,1.13,0.15,0.39,17.6,0,0,0,5.5,5.5,0.12,1.5,1.5,Matches,0.44025157232704404,7,0.44025157232704404,0.34591194968553457,0.34591194968553457,0.11956521739130435,1.5,2.893081761006289,0.391304347826087,0.15217391304347827,0.6533013149024662,0.4948528043805432,0.34822933028701986,0.6177685950413224,Balanced Shooter
Luis Henrique,BRA,"DF,FW",Marseille,Ligue 1,22,2001,29.0,7,30,14,46.7,1.03,0.48,0.23,0.5,14.6,0,0,0,4.2,4.2,0.14,2.8,2.8,Matches,0.2413793103448276,7,0.2413793103448276,0.14482758620689656,0.14482758620689656,0.14,2.8,1.0344827586206897,0.4666666666666667,0.23333333333333334,-0.035255052073144846,0.800736471249517,0.8268242181922033,0.30785123966942146,Balanced Shooter
Steven Skrzybski,GER,"MF,FW",Holstein Kiel,Bundesliga,31,1992,14.7,6,32,12,37.5,2.18,0.82,0.16,0.42,20.2,0,1,1,3.5,2.7,0.09,2.5,2.3,Matches,0.40816326530612246,5,0.3401360544217687,0.2380952380952381,0.1836734693877551,0.109375,2.3,2.17687074829932,0.375,0.1875,0.3879661607005913,0.42867604952908245,0.5565463015850349,0.8863636363636362,Balanced Shooter
Andre-Frank Zambo Anguissa,CMR,MF,Napoli,Serie A,28,1995,31.7,6,44,12,27.3,1.39,0.38,0.14,0.5,16.7,0,0,0,4.4,4.4,0.1,1.6,1.6,Matches,0.18927444794952683,6,0.18927444794952683,0.13880126182965302,0.13880126182965302,0.1,1.5999999999999996,1.38801261829653,0.2727272727272727,0.13636363636363635,0.09571738226225854,0.013567314551738058,0.2549965599158801,0.524793388429752,Balanced Shooter
Gabriel Strefezza,BRA,"FW,MF",Como,Serie A,27,1997,29.1,6,58,21,36.2,1.99,0.72,0.1,0.29,20.5,2,0,0,3.7,3.7,0.06,2.3,2.3,Matches,0.20618556701030927,6,0.20618556701030927,0.12714776632302405,0.12714776632302405,0.06379310344827586,2.3,1.9931271477663228,0.3620689655172414,0.10344827586206896,0.3198945509151417,0.3761910370606826,0.060895576772516204,0.9173553719008264,Balanced Shooter
Tiago Tomás,POR,"FW,MF",Wolfsburg,Bundesliga,22,2002,20.9,6,42,20,47.6,2.01,0.96,0.14,0.3,16.0,0,0,0,5.4,5.4,0.13,0.6,0.6,Matches,0.28708133971291866,6,0.28708133971291866,0.2583732057416268,0.2583732057416268,0.1285714285714286,0.5999999999999996,2.009569377990431,0.47619047619047616,0.14285714285714285,0.32598591451404435,0.8393920994802113,0.29328859060402673,0.4524793388429752,Balanced Shooter
Nicolás Paz,ARG,"MF,FW",Como,Serie A,19,2004,29.9,6,109,37,33.9,3.65,1.24,0.06,0.16,20.7,12,0,1,9.3,8.5,0.08,-3.3,-2.5,Matches,0.20066889632107024,6,0.20066889632107024,0.3110367892976589,0.28428093645484953,0.0853211009174312,-2.5,3.645484949832776,0.3394495412844037,0.05504587155963303,0.932044607852834,0.2843823913973043,-0.22453208127054322,0.9380165289256197,Distance Shooter
Denis Zakaria,SUI,MF,Monaco,Ligue 1,27,1996,23.8,6,29,9,31.0,1.22,0.38,0.14,0.44,18.0,0,2,2,5.2,3.6,0.12,0.8,0.4,Matches,0.25210084033613445,4,0.1680672268907563,0.2184873949579832,0.15126050420168066,0.1793103448275862,0.3999999999999999,1.218487394957983,0.3103448275862069,0.20689655172413793,0.032913263814495754,0.1662509871870832,0.6709272380802315,0.6590909090909091,Balanced Shooter
Dominik Szoboszlai,HUN,MF,Liverpool,Premier League,23,2000,27.7,6,67,22,32.8,2.42,0.79,0.09,0.27,18.9,4,0,0,7.3,7.3,0.11,-1.3,-1.3,Matches,0.21660649819494585,6,0.21660649819494585,0.26353790613718414,0.26353790613718414,0.10895522388059702,-1.2999999999999998,2.4187725631768955,0.3283582089552239,0.08955223880597014,0.47758368153382036,0.23936443739181928,-0.021048974746430645,0.7520661157024792,Balanced Shooter
Joel Pohjanpalo,FIN,FW,Venezia,Serie A,29,1994,17.8,6,34,13,38.2,1.91,0.73,0.09,0.23,16.9,0,3,4,7.5,4.3,0.13,-1.5,-1.3,Matches,0.33707865168539325,3,0.16853932584269662,0.42134831460674155,0.24157303370786515,0.22058823529411764,-1.2999999999999998,1.9101123595505618,0.38235294117647056,0.17647058823529413,0.289140008969447,0.4585204683836626,0.49150616122502117,0.5454545454545453,Balanced Shooter
Harry Wilson,WAL,"FW,MF",Fulham,Premier League,27,1997,12.9,6,43,17,39.5,3.33,1.32,0.14,0.35,18.0,1,0,0,4.2,4.2,0.1,1.8,1.8,Matches,0.46511627906976744,6,0.46511627906976744,0.32558139534883723,0.32558139534883723,0.09767441860465116,1.7999999999999998,3.333333333333333,0.3953488372093023,0.13953488372093023,0.8164015978616833,0.5112687435685023,0.27369731908916106,0.6590909090909091,Volume Shooter
Iñaki Williams,GHA,FW,Athletic Club,La Liga,30,1994,29.5,6,63,24,38.1,2.14,0.81,0.1,0.25,16.4,0,0,0,7.6,7.6,0.12,-1.6,-1.6,Matches,0.2033898305084746,6,0.2033898305084746,0.2576271186440678,0.2576271186440678,0.12063492063492062,-1.5999999999999996,2.135593220338983,0.38095238095238093,0.09523809523809523,0.37267404838716445,0.45283581717326643,0.012480365557618145,0.49380165289256184,Balanced Shooter
Casper Tengstedt,DEN,FW,Hellas Verona,Serie A,24,2000,16.9,6,37,10,27.0,2.2,0.59,0.14,0.5,14.2,0,1,1,5.3,4.5,0.12,0.7,0.5,Matches,0.3550295857988166,5,0.2958579881656805,0.3136094674556213,0.26627218934911245,0.14324324324324325,0.5,2.1893491124260356,0.2702702702702703,0.16216216216216217,0.39258902827873043,0.0035947323300602606,0.40712976292013847,0.26652892561983466,Balanced Shooter
Bukayo Saka,ENG,"FW,MF",Arsenal,Premier League,22,2001,19.2,6,66,22,33.3,3.44,1.15,0.08,0.23,15.6,1,1,1,6.8,6.0,0.09,-0.8,-1.0,Matches,0.3125,5,0.2604166666666667,0.3541666666666667,0.3125,0.10303030303030303,-1.0,3.4375,0.3333333333333333,0.09090909090909091,0.8549922898118553,0.25955767601979396,-0.01304765490114623,0.4111570247933884,Volume Shooter
Federico Valverde,URU,"MF,DF",Real Madrid,La Liga,26,1998,33.7,6,57,22,38.6,1.69,0.65,0.11,0.27,26.8,5,0,0,2.7,2.7,0.05,3.3,3.3,Matches,0.17804154302670622,6,0.17804154302670622,0.08011869436201781,0.08011869436201781,0.04736842105263158,3.3,1.691394658753709,0.38596491228070173,0.10526315789473684,0.20811152178063536,0.4731808846631056,0.07159788662001995,1.5681818181818181,Balanced Shooter
Rodrygo,BRA,"FW,MF",Real Madrid,La Liga,23,2001,21.4,6,54,20,37.0,2.52,0.93,0.11,0.3,16.4,3,0,0,4.0,3.9,0.07,2.0,2.1,Matches,0.28037383177570097,6,0.28037383177570097,0.1869158878504673,0.18224299065420563,0.07407407407407407,2.1,2.5233644859813085,0.37037037037037035,0.1111111111111111,0.5163319183986644,0.4098851191391614,0.10608310723975435,0.49380165289256184,Balanced Shooter
Emile Smith Rowe,ENG,MF,Fulham,Premier League,24,2000,22.7,6,37,11,29.7,1.63,0.48,0.16,0.55,16.0,0,0,0,4.5,4.5,0.12,1.5,1.5,Matches,0.2643171806167401,6,0.2643171806167401,0.19823788546255508,0.19823788546255508,0.12162162162162163,1.5,1.6299559471365639,0.2972972972972973,0.16216216216216217,0.18535028279984148,0.11329313676851761,0.40712976292013847,0.4524793388429752,Balanced Shooter
Giacomo Raspadori,ITA,"FW,MF",Napoli,Serie A,24,2000,12.3,6,42,14,33.3,3.43,1.14,0.14,0.43,16.0,2,0,0,4.0,4.0,0.1,2.0,2.0,Matches,0.4878048780487805,6,0.4878048780487805,0.3252032520325203,0.3252032520325203,0.09523809523809523,2.0,3.4146341463414633,0.3333333333333333,0.14285714285714285,0.846521162310598,0.25955767601979396,0.29328859060402673,0.4524793388429752,Volume Shooter
Himad Abdelli,ALG,"MF,FW",Angers,Ligue 1,24,1999,31.6,6,35,8,22.9,1.11,0.25,0.09,0.38,22.6,0,3,4,6.4,3.2,0.09,-0.4,-0.2,Matches,0.18987341772151897,3,0.09493670886075949,0.20253164556962025,0.10126582278481013,0.18285714285714286,-0.20000000000000018,1.1075949367088607,0.22857142857142856,0.17142857142857143,-0.008169136466040401,-0.16565423451784544,0.46177352563187196,1.1342975206611572,Balanced Shooter
Nadir Zortea,ITA,"DF,MF",Cagliari,Serie A,25,1999,30.1,6,33,10,30.3,1.09,0.33,0.18,0.6,19.3,0,0,0,3.1,3.1,0.09,2.9,2.9,Matches,0.19933554817275748,6,0.19933554817275748,0.10299003322259136,0.10299003322259136,0.09393939393939395,2.9,1.096345514950166,0.30303030303030304,0.18181818181818182,-0.012336716975230944,0.1365624952857661,0.5230407747329066,0.7933884297520661,Balanced Shooter
Jens Odgaard,DEN,"MF,FW",Bologna,Serie A,25,1999,21.7,6,49,22,44.9,2.26,1.01,0.12,0.27,19.5,1,0,0,3.6,3.6,0.07,2.4,2.4,Matches,0.2764976958525346,6,0.2764976958525346,0.16589861751152074,0.16589861751152074,0.07346938775510205,2.4,2.2580645161290325,0.4489795918367347,0.12244897959183673,0.41804606805345734,0.7289474473925128,0.17294220844128022,0.8140495867768595,Balanced Shooter
Ange-Yoan Bonny,FRA,FW,Parma,Serie A,20,2003,28.1,6,61,19,31.1,2.17,0.68,0.07,0.21,16.7,0,2,3,9.4,7.1,0.12,-3.4,-3.1,Matches,0.21352313167259784,4,0.14234875444839856,0.33451957295373663,0.25266903914590744,0.1540983606557377,-3.0999999999999996,2.170818505338078,0.3114754098360656,0.09836065573770492,0.3857239823608325,0.17083984073623293,0.03089401965902201,0.524793388429752,Balanced Shooter
Joshua King,NOR,"FW,MF",Toulouse,Ligue 1,32,1992,18.6,6,50,20,40.0,2.69,1.08,0.12,0.3,15.3,0,0,0,6.6,6.6,0.13,-0.6,-0.6,Matches,0.3225806451612903,6,0.3225806451612903,0.3548387096774193,0.3548387096774193,0.132,-0.5999999999999996,2.6881720430107525,0.4,0.12,0.5773882799767477,0.5301470736346555,0.15850064258175064,0.38016528925619847,Balanced Shooter
Lee Kang-in,KOR,"FW,MF",Paris S-G,Ligue 1,23,2001,18.5,6,41,14,34.1,2.22,0.76,0.15,0.43,19.0,1,0,0,3.5,3.5,0.09,2.5,2.5,Matches,0.32432432432432434,6,0.32432432432432434,0.1891891891891892,0.1891891891891892,0.08536585365853659,2.5,2.2162162162162162,0.34146341463414637,0.14634146341463414,0.40254250148794796,0.29255638304599674,0.31383553390010543,0.762396694214876,Balanced Shooter
Roberto Férnandez,ESP,FW,Espanyol,La Liga,22,2002,16.6,6,21,9,42.9,1.26,0.54,0.29,0.67,14.0,0,0,0,3.6,3.6,0.17,2.4,2.4,Matches,0.36144578313253006,6,0.36144578313253006,0.21686746987951805,0.21686746987951805,0.17142857142857143,2.4,1.2650602409638554,0.42857142857142855,0.2857142857142857,0.05016713600766771,0.6461139583267389,1.1357132657432527,0.24586776859504136,Balanced Shooter
Jubal,BRA,DF,Auxerre,Ligue 1,30,1993,29.3,6,26,7,26.9,0.89,0.24,0.12,0.43,17.6,2,3,4,5.2,2.0,0.08,0.8,1.0,Matches,0.20477815699658702,3,0.10238907849829351,0.17747440273037543,0.06825938566552901,0.2,1.0,0.8873720136518771,0.2692307692307692,0.23076923076923078,-0.08975526431300164,-0.0006244370714189809,0.811703775305089,0.6177685950413224,Balanced Shooter
Diogo Jota,POR,FW,Liverpool,Premier League,27,1996,13.3,6,51,13,25.5,3.84,0.98,0.12,0.46,12.4,0,0,0,7.9,7.9,0.16,-1.9,-1.9,Matches,0.45112781954887216,6,0.45112781954887216,0.5939849624060151,0.5939849624060151,0.15490196078431373,-1.9000000000000004,3.834586466165413,0.2549019607843137,0.11764705882352941,1.0021011681482248,-0.05878279176239601,0.14462541263828105,0.08057851239669432,Volume Shooter
Lucas Höler,GER,"FW,MF",Freiburg,Bundesliga,30,1994,20.7,6,34,17,50.0,1.64,0.82,0.18,0.35,10.8,0,0,1,7.7,6.9,0.21,-1.7,-0.9,Matches,0.2898550724637681,6,0.2898550724637681,0.37198067632850246,0.33333333333333337,0.22647058823529412,-0.9000000000000004,1.642512077294686,0.5,0.17647058823529413,0.19000196040961767,0.9360311700569477,0.49150616122502117,-0.08471074380165272,Efficient Poacher
Albert Guðmundsson,ISL,"FW,MF",Fiorentina,Serie A,27,1997,14.1,6,25,13,52.0,1.77,0.92,0.16,0.31,20.8,2,2,2,4.5,2.9,0.12,1.5,1.1,Matches,0.425531914893617,4,0.28368794326241137,0.3191489361702128,0.20567375886524822,0.18,1.1,1.773049645390071,0.52,0.24,0.23836229716123616,1.017207989341406,0.8661373696987004,0.9483471074380165,Balanced Shooter
Lorenzo Colombo,ITA,"FW,MF",Empoli,Serie A,22,2002,24.8,6,55,18,32.7,2.22,0.73,0.09,0.28,18.1,0,1,1,5.9,5.1,0.09,0.1,-0.1,Matches,0.24193548387096772,5,0.20161290322580644,0.23790322580645162,0.20564516129032256,0.10727272727272728,-0.09999999999999964,2.217741935483871,0.32727272727272727,0.10909090909090909,0.4031077356856488,0.23495863987298843,0.09417003102566429,0.6694214876033059,Balanced Shooter
Morgan Guilavogui,GUI,"FW,MF",St. Pauli,Bundesliga,26,1998,20.1,6,41,15,36.6,2.04,0.75,0.15,0.4,13.6,0,0,0,7.1,7.1,0.18,-1.1,-1.1,Matches,0.29850746268656714,6,0.29850746268656714,0.3532338308457711,0.3532338308457711,0.17317073170731706,-1.0999999999999996,2.0398009950248754,0.36585365853658536,0.14634146341463414,0.3371858411073098,0.39155250412460446,0.31383553390010543,0.20454545454545456,Balanced Shooter
Marco Grüll,AUT,"FW,MF",Werder Bremen,Bundesliga,26,1998,13.1,6,25,10,40.0,1.91,0.76,0.24,0.6,15.9,1,0,0,4.0,4.0,0.16,2.0,2.0,Matches,0.4580152671755725,6,0.4580152671755725,0.3053435114503817,0.3053435114503817,0.16,2.0,1.9083969465648856,0.4,0.24,0.28850449881811047,0.5301470736346555,0.8661373696987004,0.44214876033057854,Balanced Shooter
Anthony Gordon,ENG,"FW,MF",Newcastle Utd,Premier League,23,2001,27.0,6,57,16,28.1,2.11,0.59,0.09,0.31,17.0,1,1,2,8.0,6.5,0.11,-2.0,-1.5,Matches,0.2222222222222222,5,0.18518518518518517,0.2962962962962963,0.24074074074074073,0.14035087719298245,-1.5,2.111111111111111,0.2807017543859649,0.10526315789473684,0.36360414564633303,0.04593446737648227,0.07159788662001995,0.5557851239669421,Balanced Shooter
Sofiane Diop,FRA,"MF,FW",Nice,Ligue 1,24,2000,11.8,6,22,11,50.0,1.86,0.93,0.27,0.55,16.4,3,0,0,6.0,6.0,0.27,0.0,0.0,Matches,0.5084745762711864,6,0.5084745762711864,0.5084745762711864,0.5084745762711864,0.2727272727272727,0.0,1.8644067796610169,0.5,0.2727272727272727,0.2722074334118016,0.9360311700569477,1.0591292043669593,0.49380165289256184,Balanced Shooter
Désiré Doué,FRA,"FW,MF",Paris S-G,Ligue 1,19,2005,19.2,6,55,20,36.4,2.86,1.04,0.11,0.3,17.9,0,0,0,5.1,5.1,0.09,0.9,0.9,Matches,0.3125,6,0.3125,0.265625,0.265625,0.09272727272727273,0.9000000000000004,2.8645833333333335,0.36363636363636365,0.10909090909090909,0.6427434840859099,0.382552856753822,0.09417003102566429,0.6487603305785122,Balanced Shooter
Alejandro Garnacho,ARG,"MF,FW",Manchester Utd,Premier League,20,2004,24.4,6,84,29,34.5,3.44,1.19,0.07,0.21,17.0,0,0,0,7.3,7.3,0.09,-1.3,-1.3,Matches,0.24590163934426232,6,0.24590163934426232,0.29918032786885246,0.29918032786885246,0.0869047619047619,-1.2999999999999998,3.4426229508196724,0.34523809523809523,0.07142857142857142,0.8568901926946507,0.3078772113081621,-0.12792374696558617,0.5557851239669421,Volume Shooter
Paulo Dybala,ARG,"FW,MF",Roma,Serie A,30,1993,15.7,6,47,15,31.9,2.99,0.95,0.06,0.2,21.1,6,3,3,6.4,4.0,0.09,-0.4,-1.0,Matches,0.3821656050955414,3,0.1910828025477707,0.40764331210191085,0.25477707006369427,0.13617021276595745,-1.0,2.993630573248408,0.3191489361702128,0.1276595744680851,0.6905516979987025,0.20198546376131293,0.20366894431261973,0.9793388429752067,Distance Shooter
Jorge de Frutos,ESP,"FW,MF",Rayo Vallecano,La Liga,27,1997,27.7,6,52,18,34.6,1.88,0.65,0.12,0.33,15.9,0,0,0,6.3,6.3,0.12,-0.3,-0.3,Matches,0.21660649819494585,6,0.21660649819494585,0.22743682310469315,0.22743682310469315,0.12115384615384615,-0.2999999999999998,1.8772563176895307,0.34615384615384615,0.11538461538461539,0.27696781002390136,0.31159409863803655,0.13128384538494495,0.44214876033057854,Balanced Shooter
Anthony Elanga,SWE,"FW,MF",Nott'ham Forest,Premier League,22,2002,27.8,6,44,24,54.5,1.58,0.86,0.14,0.25,17.6,6,0,0,4.5,4.5,0.1,1.5,1.5,Matches,0.2158273381294964,6,0.2158273381294964,0.1618705035971223,0.1618705035971223,0.10227272727272728,1.5,1.5827338129496402,0.5454545454545454,0.13636363636363635,0.16785586839692385,1.1205239411579895,0.2549965599158801,0.6177685950413224,Balanced Shooter
Breel Embolo,SUI,"FW,MF",Monaco,Ligue 1,27,1997,20.5,6,51,18,35.3,2.49,0.88,0.12,0.33,10.8,0,0,0,10.8,10.8,0.21,-4.8,-4.8,Matches,0.2926829268292683,6,0.2926829268292683,0.526829268292683,0.526829268292683,0.21176470588235297,-4.800000000000001,2.4878048780487805,0.35294117647058826,0.11764705882352941,0.503158127592971,0.3391427929653416,0.14462541263828105,-0.08471074380165272,Balanced Shooter
Mateo Kovačić,CRO,MF,Manchester City,Premier League,30,1994,24.4,6,45,12,26.7,1.84,0.49,0.13,0.5,22.9,0,0,0,1.9,1.9,0.04,4.1,4.1,Matches,0.24590163934426232,6,0.24590163934426232,0.0778688524590164,0.0778688524590164,0.042222222222222223,4.1,1.8442622950819674,0.26666666666666666,0.13333333333333333,0.2647444932625047,-0.011031721595067462,0.23712694559474506,1.1652892561983468,Balanced Shooter
Enzo Fernández,ARG,MF,Chelsea,Premier League,23,2001,32.7,6,53,20,37.7,1.62,0.61,0.11,0.3,18.1,2,0,0,6.1,6.1,0.11,-0.1,-0.1,Matches,0.18348623853211007,6,0.18348623853211007,0.18654434250764523,0.18654434250764523,0.1150943396226415,-0.09999999999999964,1.620795107033639,0.37735849056603776,0.11320754716981132,0.18195646047904065,0.43824878765224984,0.11844573349965919,0.6694214876033059,Balanced Shooter
Yankuba Minteh,GAM,"FW,MF",Brighton,Premier League,20,2004,20.4,6,34,16,47.1,1.66,0.78,0.18,0.38,13.8,0,0,0,4.1,4.1,0.12,1.9,1.9,Matches,0.29411764705882354,6,0.29411764705882354,0.20098039215686275,0.20098039215686275,0.12058823529411763,1.9000000000000004,1.6666666666666667,0.47058823529411764,0.17647058823529413,0.19895052665893292,0.8166534946386265,0.49150616122502117,0.22520661157024804,Efficient Poacher
Enzo Millot,FRA,"MF,FW",Stuttgart,Bundesliga,22,2002,20.5,6,43,17,39.5,2.1,0.83,0.14,0.35,16.6,0,0,1,7.6,6.7,0.16,-1.6,-0.7,Matches,0.2926829268292683,6,0.2926829268292683,0.37073170731707317,0.32682926829268294,0.17674418604651163,-0.7000000000000002,2.097560975609756,0.3953488372093023,0.13953488372093023,0.3585842182381806,0.5112687435685023,0.27369731908916106,0.5144628099173555,Balanced Shooter
Eliesse Ben Seghir,MAR,"MF,FW",Monaco,Ligue 1,19,2005,19.4,6,58,19,32.8,2.98,0.98,0.07,0.21,20.9,3,2,2,5.5,4.1,0.07,0.5,-0.1,Matches,0.30927835051546393,4,0.2061855670103093,0.2835051546391753,0.211340206185567,0.09482758620689655,-0.09999999999999964,2.9896907216494846,0.3275862068965517,0.10344827586206896,0.6890920986446215,0.23623100381161627,0.060895576772516204,0.958677685950413,Distance Shooter
Ludovic Blas,FRA,"MF,FW",Rennes,Ligue 1,26,1997,25.5,6,57,26,45.6,2.24,1.02,0.11,0.23,17.7,2,0,0,5.0,5.0,0.09,1.0,1.0,Matches,0.23529411764705882,6,0.23529411764705882,0.19607843137254902,0.19607843137254902,0.08771929824561403,1.0,2.235294117647059,0.45614035087719296,0.10526315789473684,0.4096103038928125,0.7580118295208546,0.07159788662001995,0.6280991735537189,Balanced Shooter
Fermin López,ESP,"MF,FW",Barcelona,La Liga,21,2003,13.9,6,41,15,36.6,2.95,1.08,0.15,0.4,18.0,0,0,0,5.6,5.6,0.14,0.4,0.4,Matches,0.4316546762589928,6,0.4316546762589928,0.40287769784172656,0.40287769784172656,0.13658536585365852,0.40000000000000036,2.949640287769784,0.36585365853658536,0.14634146341463414,0.6742545886639278,0.39155250412460446,0.31383553390010543,0.6590909090909091,Balanced Shooter
M'Bala Nzola,ANG,FW,Lens,Ligue 1,27,1996,16.2,6,47,18,38.3,2.9,1.11,0.13,0.33,12.1,0,0,0,8.6,8.6,0.19,-2.6,-2.6,Matches,0.3703703703703704,6,0.3703703703703704,0.5308641975308642,0.5308641975308642,0.1829787234042553,-2.5999999999999996,2.9012345679012346,0.3829787234042553,0.1276595744680851,0.6563216905128222,0.4610604189244781,0.20366894431261973,0.04958677685950417,Balanced Shooter
Takumi Minamino,JPN,"MF,FW",Monaco,Ligue 1,29,1995,24.8,6,57,20,35.1,2.3,0.81,0.11,0.3,14.7,0,0,0,8.9,8.9,0.16,-2.9,-2.9,Matches,0.24193548387096772,6,0.24193548387096772,0.3588709677419355,0.3588709677419355,0.156140350877193,-2.9000000000000004,2.2983870967741935,0.3508771929824561,0.10526315789473684,0.43298440042126574,0.33076541223423117,0.07159788662001995,0.3181818181818181,Balanced Shooter
Álex Berenguer,ESP,"FW,MF",Athletic Club,La Liga,29,1995,26.0,6,51,18,35.3,1.96,0.69,0.12,0.33,18.4,3,0,1,6.8,6.0,0.12,-0.8,0.0,Matches,0.23076923076923078,6,0.23076923076923078,0.26153846153846155,0.23076923076923078,0.13333333333333333,0.0,1.9615384615384615,0.35294117647058826,0.11764705882352941,0.30819187002557336,0.3391427929653416,0.14462541263828105,0.7004132231404957,Balanced Shooter
Alberto Moleiro,ESP,"FW,MF",Las Palmas,La Liga,20,2003,30.2,6,68,24,35.3,2.25,0.8,0.09,0.25,19.0,0,0,0,5.6,5.6,0.08,0.4,0.4,Matches,0.19867549668874174,6,0.19867549668874174,0.18543046357615894,0.18543046357615894,0.08235294117647059,0.40000000000000036,2.251655629139073,0.35294117647058826,0.08823529411764706,0.4156717635711566,0.3391427929653416,-0.02881496165508894,0.762396694214876,Balanced Shooter
Sebastian Nanasi,SWE,"MF,FW",Strasbourg,Ligue 1,22,2002,23.4,6,28,12,42.9,1.2,0.51,0.21,0.5,12.4,1,0,0,6.5,6.5,0.23,-0.5,-0.5,Matches,0.25641025641025644,6,0.25641025641025644,0.2777777777777778,0.2777777777777778,0.23214285714285715,-0.5,1.1965811965811965,0.42857142857142855,0.21428571428571427,0.02479766042225967,0.6461139583267389,0.7145009281736396,0.08057851239669432,Balanced Shooter
Dilane Bakwa,FRA,"MF,DF",Strasbourg,Ligue 1,21,2002,27.7,6,52,22,42.3,1.87,0.79,0.12,0.27,21.3,6,0,0,4.7,4.7,0.09,1.3,1.3,Matches,0.21660649819494585,6,0.21660649819494585,0.1696750902527076,0.1696750902527076,0.09038461538461538,1.2999999999999998,1.8772563176895307,0.4230769230769231,0.11538461538461539,0.27696781002390136,0.6238126343474921,0.13128384538494495,1.0,Balanced Shooter
Cucho,COL,FW,Betis,La Liga,25,1999,12.7,5,43,11,25.6,3.4,0.87,0.12,0.45,15.9,0,0,0,3.8,3.8,0.09,1.2,1.2,Matches,0.3937007874015748,5,0.3937007874015748,0.2992125984251969,0.2992125984251969,0.08837209302325581,1.2000000000000002,3.3858267716535435,0.2558139534883721,0.11627906976744186,0.835848875694841,-0.05508115841609136,0.13655841848510106,0.44214876033057854,Volume Shooter
Lucas Beltrán,ARG,"FW,MF",Fiorentina,Serie A,23,2001,20.7,5,26,6,23.1,1.26,0.29,0.12,0.5,15.9,0,2,3,5.4,3.1,0.12,-0.4,-0.1,Matches,0.24154589371980678,3,0.14492753623188406,0.26086956521739135,0.1497584541062802,0.2076923076923077,-0.10000000000000009,1.2560386473429952,0.23076923076923078,0.19230769230769232,0.04682490042057409,-0.15673370492614663,0.5848971319983742,0.44214876033057854,Balanced Shooter
Marc Cucurella,ESP,DF,Chelsea,Premier League,26,1998,33.2,5,24,11,45.8,0.72,0.33,0.21,0.45,16.1,0,0,0,2.8,2.8,0.12,2.2,2.2,Matches,0.1506024096385542,5,0.1506024096385542,0.08433734939759036,0.08433734939759036,0.11666666666666665,2.2,0.7228915662650601,0.4583333333333333,0.20833333333333334,-0.1506904413715403,0.7669127965476592,0.6793999000428387,0.4628099173553721,Balanced Shooter
Hákon Arnar Haraldsson,ISL,"MF,FW",Lille,Ligue 1,21,2003,19.5,5,35,13,37.1,1.79,0.67,0.14,0.38,17.1,2,0,0,3.8,3.8,0.11,1.2,1.2,Matches,0.2564102564102564,5,0.2564102564102564,0.19487179487179487,0.19487179487179487,0.10857142857142857,1.2000000000000002,1.794871794871795,0.37142857142857144,0.14285714285714285,0.24644676290529835,0.414180188942572,0.29328859060402673,0.566115702479339,Balanced Shooter
Jordan Ayew,GHA,"FW,MF",Leicester City,Premier League,32,1991,18.2,5,31,8,25.8,1.7,0.44,0.13,0.5,18.8,4,1,1,3.2,2.4,0.08,1.8,1.6,Matches,0.27472527472527475,4,0.21978021978021978,0.17582417582417584,0.13186813186813187,0.1032258064516129,1.6,1.7032967032967035,0.25806451612903225,0.16129032258064516,0.2125208798721802,-0.045946482577630246,0.4019885486865075,0.7417355371900827,Balanced Shooter
Antony,BRA,FW,Betis,La Liga,24,2000,15.1,5,43,17,39.5,2.84,1.12,0.12,0.29,19.9,1,0,0,2.9,2.9,0.07,2.1,2.1,Matches,0.33112582781456956,5,0.33112582781456956,0.19205298013245034,0.19205298013245034,0.06744186046511627,2.1,2.847682119205298,0.3953488372093023,0.11627906976744186,0.6364820804251203,0.5112687435685023,0.13655841848510106,0.8553719008264461,Distance Shooter
Alfon,ESP,"FW,MF",Celta Vigo,La Liga,25,1999,15.2,5,46,19,41.3,3.02,1.25,0.11,0.26,17.3,0,0,0,4.6,4.6,0.1,0.4,0.4,Matches,0.32894736842105265,5,0.32894736842105265,0.3026315789473684,0.3026315789473684,0.09999999999999999,0.40000000000000036,3.0263157894736845,0.41304347826086957,0.10869565217391304,0.7026606110611768,0.583088477515824,0.0918392117663858,0.5867768595041323,Balanced Shooter
Maghnes Akliouche,FRA,"FW,MF",Monaco,Ligue 1,22,2002,26.7,5,61,17,27.9,2.28,0.64,0.07,0.24,16.0,2,1,1,9.2,8.4,0.14,-4.2,-4.4,Matches,0.18726591760299627,4,0.149812734082397,0.3445692883895131,0.31460674157303375,0.15081967213114753,-4.4,2.2846441947565546,0.2786885245901639,0.08196721311475409,0.42789305867793037,0.037763087810891084,-0.0657776643733482,0.4524793388429752,Balanced Shooter
Juan Cruz,ESP,"FW,MF",Leganés,La Liga,24,2000,25.1,5,33,14,42.4,1.32,0.56,0.15,0.36,21.0,1,0,0,2.7,2.7,0.08,2.3,2.3,Matches,0.199203187250996,5,0.199203187250996,0.10756972111553785,0.10756972111553785,0.08181818181818182,2.3,1.3147410358565736,0.42424242424242425,0.15151515151515152,0.06857241202249552,0.6285432182218779,0.34434463152155564,0.9690082644628099,Balanced Shooter
Mitchell Weiser,GER,"DF,MF",Werder Bremen,Bundesliga,30,1994,31.9,5,43,15,34.9,1.35,0.47,0.12,0.33,14.3,0,0,0,5.4,5.4,0.13,-0.4,-0.4,Matches,0.15673981191222572,5,0.15673981191222572,0.16927899686520378,0.16927899686520378,0.12558139534883722,-0.40000000000000036,1.3479623824451412,0.3488372093023256,0.11627906976744186,0.08087994564524086,0.3224854429069711,0.13655841848510106,0.27685950413223154,Balanced Shooter
Kingsley Coman,FRA,FW,Bayern Munich,Bundesliga,28,1996,14.2,5,44,17,38.6,3.09,1.19,0.11,0.29,16.7,0,0,0,4.3,4.3,0.1,0.7,0.7,Matches,0.35211267605633806,5,0.35211267605633806,0.3028169014084507,0.3028169014084507,0.09772727272727272,0.7000000000000002,3.098591549295775,0.38636363636363635,0.11363636363636363,0.7294366582556623,0.4747992423043429,0.12097445250736694,0.524793388429752,Balanced Shooter
Timothy Weah,USA,"DF,FW",Juventus,Serie A,24,2000,18.2,5,21,9,42.9,1.15,0.49,0.24,0.56,20.3,0,0,0,3.4,3.4,0.16,1.6,1.6,Matches,0.27472527472527475,5,0.27472527472527475,0.18681318681318682,0.18681318681318682,0.1619047619047619,1.6,1.153846153846154,0.42857142857142855,0.23809523809523808,0.008965581673471255,0.6461139583267389,0.854905040696844,0.8966942148760331,Balanced Shooter
Irvin Cardona,FRA,FW,Saint-Étienne,Ligue 1,26,1997,11.8,5,23,10,43.5,1.95,0.85,0.22,0.5,14.7,0,0,1,4.5,3.7,0.18,0.5,1.3,Matches,0.423728813559322,5,0.423728813559322,0.3813559322033898,0.3135593220338983,0.1956521739130435,1.2999999999999998,1.9491525423728813,0.43478260869565216,0.21739130434782608,0.3036032505916024,0.6713241506511048,0.7328145080679707,0.3181818181818181,Balanced Shooter
Mahdi Camara,FRA,"MF,FW",Brest,Ligue 1,26,1998,29.5,5,49,19,38.8,1.66,0.64,0.1,0.26,16.6,0,0,0,4.1,4.1,0.08,0.9,0.9,Matches,0.1694915254237288,5,0.1694915254237288,0.13898305084745763,0.13898305084745763,0.08367346938775509,0.9000000000000004,1.6610169491525424,0.3877551020408163,0.10204081632653061,0.19685747218027952,0.48044698019519105,0.05259582627853371,0.5144628099173555,Balanced Shooter
Hakan Çalhanoğlu,TUR,MF,Inter,Serie A,30,1994,20.9,5,41,12,29.3,1.96,0.57,0.05,0.17,27.2,6,3,4,4.4,1.3,0.03,0.6,0.7,Matches,0.23923444976076558,2,0.09569377990430622,0.21052631578947373,0.06220095693779905,0.10731707317073172,0.7,1.9617224880382778,0.2926829268292683,0.12195121951219512,0.3082600464412381,0.09456414088878086,0.1700069308275547,1.6095041322314048,Balanced Shooter
Oliver Burke,SCO,FW,Werder Bremen,Bundesliga,27,1997,10.1,5,35,12,34.3,3.47,1.19,0.14,0.42,13.4,0,0,0,4.1,4.1,0.12,0.9,0.9,Matches,0.49504950495049505,5,0.49504950495049505,0.4059405940594059,0.4059405940594059,0.11714285714285713,0.9000000000000004,3.4653465346534653,0.34285714285714286,0.14285714285714285,0.8653086134024953,0.29821330425048853,0.29328859060402673,0.18388429752066124,Volume Shooter
Carlos Vicente,ESP,"FW,MF",Alavés,La Liga,25,1999,34.4,5,35,13,37.1,1.02,0.38,0.11,0.31,18.2,1,1,1,3.5,2.7,0.08,1.5,1.3,Matches,0.14534883720930233,4,0.11627906976744186,0.10174418604651163,0.07848837209302327,0.1,1.2999999999999998,1.0174418604651163,0.37142857142857144,0.14285714285714285,-0.04156820456539432,0.414180188942572,0.29328859060402673,0.6797520661157024,Balanced Shooter
Vitinha,POR,MF,Paris S-G,Ligue 1,24,2000,22.7,5,25,12,48.0,1.1,0.53,0.12,0.25,24.2,2,2,2,3.4,1.8,0.07,1.6,1.2,Matches,0.22026431718061676,3,0.13215859030837004,0.14977973568281938,0.07929515418502203,0.136,1.2,1.1013215859030838,0.48,0.2,-0.010493228771074932,0.8548543507724892,0.6302584606597172,1.299586776859504,Balanced Shooter
Facundo Buonanotte,ARG,"FW,MF",Leicester City,Premier League,19,2004,16.9,5,36,12,33.3,2.13,0.71,0.14,0.42,17.6,0,0,0,3.9,3.9,0.11,1.1,1.1,Matches,0.2958579881656805,5,0.2958579881656805,0.23076923076923078,0.23076923076923078,0.10833333333333334,1.1,2.1301775147928996,0.3333333333333333,0.1388888888888889,0.37066768847271564,0.25955767601979396,0.26988790518349276,0.6177685950413224,Balanced Shooter
Matúš Bero,SVK,MF,Bochum,Bundesliga,28,1995,28.5,5,31,12,38.7,1.09,0.42,0.16,0.42,17.0,1,0,1,4.0,3.0,0.1,1.0,2.0,Matches,0.17543859649122806,5,0.17543859649122806,0.14035087719298245,0.10526315789473684,0.12903225806451613,2.0,1.087719298245614,0.3870967741935484,0.16129032258064516,-0.015532477022022515,0.4777749321608113,0.4019885486865075,0.5557851239669421,Balanced Shooter
Tom Bischof,GER,"MF,FW",Hoffenheim,Bundesliga,19,2005,28.4,5,51,18,35.3,1.79,0.63,0.1,0.28,23.1,5,0,0,2.2,2.2,0.04,2.8,2.8,Matches,0.17605633802816903,5,0.17605633802816903,0.07746478873239437,0.07746478873239437,0.04313725490196079,2.8,1.795774647887324,0.35294117647058826,0.09803921568627451,0.24678124344224459,0.3391427929653416,0.028998496442701027,1.1859504132231404,Balanced Shooter
Nico Williams,ESP,FW,Athletic Club,La Liga,22,2002,22.2,5,54,19,35.2,2.43,0.86,0.09,0.26,17.6,1,0,0,4.2,4.2,0.08,0.8,0.8,Matches,0.22522522522522523,5,0.22522522522522523,0.1891891891891892,0.1891891891891892,0.07777777777777778,0.7999999999999998,2.4324324324324325,0.35185185185185186,0.09259259259259259,0.48264426207641287,0.3347213975794778,-0.0031200913894045565,0.6177685950413224,Balanced Shooter
Julian Brandt,GER,MF,Dortmund,Bundesliga,28,1996,25.6,5,45,15,33.3,1.76,0.59,0.11,0.33,18.5,6,0,0,4.8,4.8,0.11,0.2,0.2,Matches,0.1953125,5,0.1953125,0.18749999999999997,0.18749999999999997,0.10666666666666666,0.20000000000000018,1.7578125,0.3333333333333333,0.1111111111111111,0.23271738211533333,0.25955767601979396,0.10608310723975435,0.7107438016528925,Balanced Shooter
Nikola Vlašić,CRO,"MF,FW",Torino,Serie A,26,1997,23.5,5,30,10,33.3,1.28,0.43,0.1,0.3,22.2,0,2,2,3.4,1.8,0.06,1.6,1.2,Matches,0.2127659574468085,3,0.1276595744680851,0.14468085106382977,0.07659574468085106,0.11333333333333333,1.2,1.2765957446808511,0.3333333333333333,0.16666666666666666,0.05444070148382111,0.25955767601979396,0.43369270312723107,1.09297520661157,Balanced Shooter
Yann Gboho,FRA,"MF,FW",Toulouse,Ligue 1,23,2001,25.9,5,50,26,52.0,1.93,1.0,0.1,0.19,15.8,0,0,0,5.4,5.4,0.11,-0.4,-0.4,Matches,0.19305019305019305,5,0.19305019305019305,0.20849420849420852,0.20849420849420852,0.10800000000000001,-0.40000000000000036,1.9305019305019306,0.52,0.1,0.2966937464246193,1.017207989341406,0.04056118806225907,0.4318181818181819,Balanced Shooter
Malick Fofana,BEL,FW,Lyon,Ligue 1,19,2005,17.7,5,31,15,48.4,1.76,0.85,0.16,0.33,15.0,0,0,0,3.8,3.8,0.12,1.2,1.2,Matches,0.2824858757062147,5,0.2824858757062147,0.21468926553672316,0.21468926553672316,0.12258064516129032,1.2000000000000002,1.7514124293785311,0.4838709677419355,0.16129032258064516,0.2303463438387338,0.8705659932146426,0.4019885486865075,0.34917355371900827,Balanced Shooter
Davide Frattesi,ITA,MF,Inter,Serie A,24,1999,12.9,5,26,7,26.9,2.02,0.54,0.19,0.71,13.0,0,0,0,4.0,4.0,0.14,1.0,1.0,Matches,0.38759689922480617,5,0.38759689922480617,0.31007751937984496,0.31007751937984496,0.15384615384615385,1.0,2.0155038759689923,0.2692307692307692,0.19230769230769232,0.3281844717943923,-0.0006244370714189809,0.5848971319983742,0.14256198347107443,Balanced Shooter
Rasmus Kristensen,DEN,DF,Eint Frankfurt,Bundesliga,27,1997,27.9,5,24,8,33.3,0.86,0.29,0.21,0.63,13.7,0,0,0,2.5,2.5,0.1,2.5,2.5,Matches,0.17921146953405018,5,0.17921146953405018,0.08960573476702509,0.08960573476702509,0.10416666666666667,2.5,0.8602150537634409,0.3333333333333333,0.20833333333333334,-0.0998161206972367,0.25955767601979396,0.6793999000428387,0.21487603305785122,Balanced Shooter
Ali Abdi,TUN,"DF,MF",Nice,Ligue 1,30,1993,15.5,5,29,11,37.9,1.87,0.71,0.17,0.45,16.9,1,0,0,4.3,4.3,0.17,0.7,0.7,Matches,0.3225806451612903,5,0.3225806451612903,0.27741935483870966,0.27741935483870966,0.1482758620689655,0.7000000000000002,1.8709677419354838,0.3793103448275862,0.1724137931034483,0.27463807732249584,0.44617105368521565,0.4675833509776598,0.5454545454545453,Balanced Shooter
Takefusa Kubo,JPN,"MF,FW",Real Sociedad,La Liga,23,2001,26.4,5,43,14,32.6,1.63,0.53,0.12,0.36,16.1,0,0,0,3.6,3.6,0.08,1.4,1.4,Matches,0.1893939393939394,5,0.1893939393939394,0.13636363636363638,0.13636363636363638,0.08372093023255814,1.4,1.628787878787879,0.32558139534883723,0.11627906976744186,0.18491754776796135,0.22809379257620557,0.13655841848510106,0.4628099173553721,Balanced Shooter
Mohammed Kudus,GHA,"FW,MF",West Ham,Premier League,23,2000,28.8,5,75,21,28.0,2.61,0.73,0.07,0.24,16.0,0,0,0,6.9,6.9,0.09,-1.9,-1.9,Matches,0.1736111111111111,5,0.1736111111111111,0.23958333333333334,0.23958333333333334,0.092,-1.9000000000000004,2.6041666666666665,0.28,0.06666666666666667,0.54626675421048,0.043086157927904954,-0.156004569470227,0.4524793388429752,Balanced Shooter
Khvicha Kvaratskhelia,GEO,"FW,MF",Napoli,Serie A,23,2001,13.1,5,49,16,32.7,3.74,1.22,0.08,0.25,19.4,3,1,1,4.1,3.4,0.07,0.9,0.6,Matches,0.3816793893129771,4,0.3053435114503817,0.3129770992366412,0.2595419847328244,0.08367346938775509,0.6000000000000001,3.740458015267176,0.32653061224489793,0.10204081632653061,0.9672293404455614,0.23194651299786928,0.05259582627853371,0.8037190082644626,Distance Shooter
Alexis Mac Allister,ARG,MF,Liverpool,Premier League,25,1998,28.9,5,38,13,34.2,1.32,0.45,0.13,0.38,18.1,1,0,0,2.8,2.8,0.07,2.2,2.2,Matches,0.17301038062283738,5,0.17301038062283738,0.09688581314878893,0.09688581314878893,0.07368421052631578,2.2,1.3148788927335642,0.34210526315789475,0.13157894736842105,0.0686234839483178,0.2951615441270127,0.2267813794088247,0.6694214876033059,Balanced Shooter
Frank Magri,CMR,"FW,MF",Toulouse,Ligue 1,24,1999,16.8,5,44,18,40.9,2.61,1.07,0.11,0.28,12.4,0,0,0,6.0,6.0,0.14,-1.0,-1.0,Matches,0.2976190476190476,5,0.2976190476190476,0.35714285714285715,0.35714285714285715,0.13636363636363635,-1.0,2.619047619047619,0.4090909090909091,0.11363636363636363,0.5517797102033618,0.567045627854864,0.12097445250736694,0.08057851239669432,Balanced Shooter
Nikola Milenković,SRB,DF,Nott'ham Forest,Premier League,26,1997,37.0,5,29,8,27.6,0.78,0.22,0.17,0.63,11.6,0,0,0,4.0,4.0,0.14,1.0,1.0,Matches,0.13513513513513514,5,0.13513513513513514,0.10810810810810811,0.10810810810810811,0.13793103448275862,1.0,0.7837837837837838,0.27586206896551724,0.1724137931034483,-0.12813166241063223,0.02629095393801688,0.4675833509776598,-0.0020661157024792947,Balanced Shooter
Mostafa Mohamed,EGY,FW,Nantes,Ligue 1,26,1997,13.9,5,43,16,37.2,3.09,1.15,0.12,0.31,13.7,2,0,0,5.5,5.5,0.13,-0.5,-0.5,Matches,0.3597122302158273,5,0.3597122302158273,0.39568345323741005,0.39568345323741005,0.12790697674418605,-0.5,3.093525179856115,0.37209302325581395,0.11627906976744186,0.7275597171130862,0.4168770932377367,0.13655841848510106,0.21487603305785122,Balanced Shooter
Álvaro Morata,ESP,"FW,MF",Milan,Serie A,31,1992,12.2,5,27,10,37.0,2.21,0.82,0.19,0.5,11.3,0,0,0,3.9,3.9,0.15,1.1,1.1,Matches,0.4098360655737705,5,0.4098360655737705,0.319672131147541,0.319672131147541,0.14444444444444443,1.1,2.2131147540983607,0.37037037037037035,0.18518518518518517,0.4013935008237691,0.4098851191391614,0.5428959017563899,-0.03305785123966926,Balanced Shooter
Daniel Mosquera,COL,FW,Hellas Verona,Serie A,24,1999,15.3,5,57,15,26.3,3.73,0.98,0.09,0.33,13.5,0,0,0,6.6,6.6,0.12,-1.6,-1.6,Matches,0.32679738562091504,5,0.32679738562091504,0.4313725490196078,0.4313725490196078,0.11578947368421053,-1.5999999999999996,3.725490196078431,0.2631578947368421,0.08771929824561403,0.9616842028505658,-0.02527326883795495,-0.03185777523918321,0.1942148760330579,Volume Shooter
Dany Mota,POR,"FW,MF",Monza,Serie A,26,1998,23.4,5,42,11,26.2,1.8,0.47,0.12,0.45,13.1,0,0,0,5.1,5.1,0.12,-0.1,-0.1,Matches,0.2136752136752137,5,0.2136752136752137,0.21794871794871795,0.21794871794871795,0.12142857142857141,-0.09999999999999964,1.794871794871795,0.2619047619047619,0.11904761904761904,0.24644676290529835,-0.03035953571041464,0.15288447808082245,0.1528925619834711,Balanced Shooter
Darwin Núñez,URU,FW,Liverpool,Premier League,25,1999,12.6,5,34,13,38.2,2.7,1.03,0.15,0.38,14.3,0,0,0,5.8,5.8,0.17,-0.8,-0.8,Matches,0.39682539682539686,5,0.39682539682539686,0.4603174603174603,0.4603174603174603,0.17058823529411765,-0.7999999999999998,2.6984126984126986,0.38235294117647056,0.14705882352941177,0.5811821421653975,0.4585204683836626,0.3180657869316511,0.27685950413223154,Balanced Shooter
Aimar Oroz,ESP,MF,Osasuna,La Liga,22,2001,33.0,5,47,15,31.9,1.43,0.46,0.09,0.27,19.7,3,1,1,4.2,3.5,0.08,0.8,0.5,Matches,0.15151515151515152,4,0.12121212121212122,0.1272727272727273,0.10606060606060606,0.08936170212765958,0.5,1.4242424242424243,0.3191489361702128,0.10638297872340426,0.10913946175671467,0.20198546376131293,0.07820143950464999,0.8347107438016528,Balanced Shooter
Willi Orban,HUN,DF,RB Leipzig,Bundesliga,31,1992,24.7,5,22,7,31.8,0.89,0.28,0.23,0.71,8.3,0,0,0,4.0,4.0,0.18,1.0,1.0,Matches,0.20242914979757085,5,0.20242914979757085,0.16194331983805668,0.16194331983805668,0.18181818181818182,1.0,0.8906882591093118,0.3181818181818182,0.22727272727272727,-0.08852669272696305,0.19806008565278002,0.7910849895499329,-0.34297520661157005,Balanced Shooter
Luis Rioja,ESP,"MF,FW",Valencia,La Liga,30,1993,31.5,5,28,12,42.9,0.89,0.38,0.11,0.25,21.2,1,2,2,3.3,1.7,0.06,1.7,1.3,Matches,0.15873015873015872,3,0.09523809523809523,0.10476190476190475,0.053968253968253964,0.11785714285714285,1.3,0.8888888888888888,0.42857142857142855,0.17857142857142858,-0.08919330656901735,0.6461139583267389,0.5038947593888333,0.9896694214876032,Balanced Shooter
Georginio Rutter,FRA,"MF,FW",Brighton,Premier League,22,2002,18.4,5,50,12,24.0,2.72,0.65,0.1,0.42,15.5,0,0,0,4.6,4.6,0.09,0.4,0.4,Matches,0.27173913043478265,5,0.27173913043478265,0.25,0.25,0.092,0.40000000000000036,2.717391304347826,0.24,0.1,0.5882131585041452,-0.11926748064101207,0.04056118806225907,0.40082644628099173,Balanced Shooter
Umar Sadiq,NGA,FW,Valencia,La Liga,27,1997,9.2,5,20,7,35.0,2.18,0.76,0.25,0.71,13.2,0,0,0,3.4,3.4,0.19,1.6,1.6,Matches,0.5434782608695653,5,0.5434782608695653,0.3695652173913044,0.3695652173913044,0.16999999999999998,1.6,2.173913043478261,0.35,0.25,0.38687041789455273,0.32720502542350927,0.9251070969584463,0.16322314049586775,Balanced Shooter
Santiago Giménez,MEX,FW,Milan,Serie A,23,2001,7.4,5,22,9,40.9,2.96,1.21,0.23,0.56,13.5,0,0,1,4.8,4.0,0.18,0.2,1.0,Matches,0.6756756756756757,5,0.6756756756756757,0.6486486486486486,0.5405405405405405,0.21818181818181817,1.0,2.972972972972973,0.4090909090909091,0.22727272727272727,0.6828986635475751,0.567045627854864,0.7910849895499329,0.1942148760330579,Clinical Finisher
Issa Soumaré,SEN,"FW,MF",Le Havre,Ligue 1,23,2000,21.1,5,43,19,44.2,2.03,0.9,0.12,0.26,16.5,2,0,0,3.8,3.8,0.09,1.2,1.2,Matches,0.23696682464454974,5,0.23696682464454974,0.1800947867298578,0.1800947867298578,0.08837209302325581,1.2000000000000002,2.037914691943128,0.4418604651162791,0.11627906976744186,0.336487021192247,0.7000520442300336,0.13655841848510106,0.5041322314049587,Balanced Shooter
Matìas Soulé,ARG,"MF,DF",Roma,Serie A,21,2003,19.8,5,42,13,31.0,2.12,0.66,0.12,0.38,21.1,1,0,0,3.0,3.0,0.07,2.0,2.0,Matches,0.25252525252525254,5,0.25252525252525254,0.15151515151515152,0.15151515151515152,0.07142857142857142,2.0,2.121212121212121,0.30952380952380953,0.11904761904761904,0.3673462733505921,0.16291860544305783,0.15288447808082245,0.9793388429752067,Balanced Shooter
Jeremie Frimpong,NED,"DF,MF",Leverkusen,Bundesliga,23,2000,25.7,5,34,16,47.1,1.32,0.62,0.15,0.31,14.6,0,0,0,4.1,4.1,0.12,0.9,0.9,Matches,0.19455252918287938,5,0.19455252918287938,0.15953307392996108,0.15953307392996108,0.12058823529411763,0.9000000000000004,1.3229571984435797,0.47058823529411764,0.14705882352941177,0.07161625905680924,0.8166534946386265,0.3180657869316511,0.30785123966942146,Balanced Shooter
Rubén García,ESP,"FW,MF",Osasuna,La Liga,31,1993,26.8,5,27,10,37.0,1.01,0.37,0.19,0.5,16.1,3,0,0,3.2,3.2,0.12,1.8,1.8,Matches,0.18656716417910446,5,0.18656716417910446,0.11940298507462686,0.11940298507462686,0.11851851851851852,1.7999999999999998,1.007462686567164,0.37037037037037035,0.18518518518518517,-0.04526519553319979,0.4098851191391614,0.5428959017563899,0.4628099173553721,Balanced Shooter
Lassine Sinayoko,MLI,"FW,MF",Auxerre,Ligue 1,24,1999,25.5,5,60,16,26.7,2.35,0.63,0.07,0.25,16.1,0,1,1,6.5,5.7,0.1,-1.5,-1.7,Matches,0.19607843137254902,4,0.1568627450980392,0.2549019607843137,0.2235294117647059,0.10833333333333334,-1.7000000000000002,2.3529411764705883,0.26666666666666666,0.08333333333333333,0.4531950853894772,-0.011031721595067462,-0.05772169070398401,0.4628099173553721,Balanced Shooter
Christian Nørgaard,DEN,MF,Brentford,Premier League,30,1994,31.3,5,39,15,38.5,1.25,0.48,0.13,0.33,14.3,0,0,0,4.3,4.3,0.11,0.7,0.7,Matches,0.1597444089456869,5,0.1597444089456869,0.13738019169329072,0.13738019169329072,0.11025641025641025,0.7000000000000002,1.2460063897763578,0.38461538461538464,0.1282051282051282,0.0431082435119128,0.46770336649276445,0.2068860598205164,0.27685950413223154,Balanced Shooter
Armin Gigovic,BIH,MF,Holstein Kiel,Bundesliga,22,2002,21.1,5,26,10,38.5,1.23,0.47,0.19,0.5,19.0,1,0,0,1.9,1.9,0.07,3.1,3.1,Matches,0.23696682464454974,5,0.23696682464454974,0.0900473933649289,0.0900473933649289,0.07307692307692307,3.1,1.2322274881516586,0.38461538461538464,0.19230769230769232,0.0380035649710121,0.46770336649276445,0.5848971319983742,0.762396694214876,Balanced Shooter
Vincent Sierro,SUI,MF,Toulouse,Ligue 1,28,1995,26.7,5,30,7,23.3,1.12,0.26,0.1,0.43,20.6,2,2,2,4.2,2.7,0.09,0.8,0.3,Matches,0.18726591760299627,3,0.11235955056179775,0.15730337078651688,0.10112359550561799,0.14,0.2999999999999998,1.1235955056179776,0.23333333333333334,0.16666666666666666,-0.002241395418367793,-0.14632642040249816,0.43369270312723107,0.9276859504132232,Balanced Shooter
Robin Gosens,GER,DF,Fiorentina,Serie A,30,1994,27.0,5,23,8,34.8,0.85,0.3,0.22,0.63,14.1,0,0,0,1.8,1.8,0.08,3.2,3.2,Matches,0.18518518518518517,5,0.18518518518518517,0.06666666666666667,0.06666666666666667,0.0782608695652174,3.2,0.8518518518518519,0.34782608695652173,0.21739130434782608,-0.10291444148463401,0.31838145810998125,0.7328145080679707,0.256198347107438,Balanced Shooter
Romano Schmid,AUT,MF,Werder Bremen,Bundesliga,24,2000,31.5,5,47,13,27.7,1.49,0.41,0.09,0.31,18.1,2,1,1,4.3,3.5,0.07,0.7,0.5,Matches,0.15873015873015872,4,0.12698412698412698,0.1365079365079365,0.1111111111111111,0.09148936170212765,0.5,1.492063492063492,0.2765957446808511,0.10638297872340426,0.1342651763424543,0.02926882698586941,0.07820143950464999,0.6694214876033059,Balanced Shooter
Bruno Guimarães,BRA,MF,Newcastle Utd,Premier League,26,1997,36.3,5,45,13,28.9,1.24,0.36,0.11,0.38,16.4,0,0,0,4.3,4.3,0.1,0.7,0.7,Matches,0.13774104683195593,5,0.13774104683195593,0.1184573002754821,0.1184573002754821,0.09555555555555555,0.7000000000000002,1.2396694214876034,0.28888888888888886,0.1111111111111111,0.04076058279707124,0.07916474427655293,0.10608310723975435,0.49380165289256184,Balanced Shooter
Joško Gvardiol,CRO,DF,Manchester City,Premier League,22,2002,36.4,5,40,12,30.0,1.1,0.33,0.13,0.42,12.9,0,0,0,4.6,4.3,0.11,0.4,0.7,Matches,0.13736263736263737,5,0.13736263736263737,0.12637362637362637,0.11813186813186813,0.11499999999999999,0.7000000000000002,1.098901098901099,0.3,0.125,-0.011389948146399652,0.12426297721236323,0.18798550621162358,0.13223140495867777,Balanced Shooter
Mathias Honsak,AUT,"FW,DF",Heidenheim,Bundesliga,27,1996,13.1,5,29,10,34.5,2.21,0.76,0.17,0.5,17.1,1,0,0,3.3,3.3,0.12,1.7,1.7,Matches,0.3816793893129771,5,0.3816793893129771,0.25190839694656486,0.25190839694656486,0.11379310344827585,1.7000000000000002,2.213740458015267,0.3448275862068966,0.1724137931034483,0.4016253057560189,0.30621102043614956,0.4675833509776598,0.566115702479339,Balanced Shooter
Callum Hudson-Odoi,ENG,"FW,MF",Nott'ham Forest,Premier League,23,2000,24.4,5,37,17,45.9,1.52,0.7,0.14,0.29,18.3,0,0,0,2.5,2.5,0.07,2.5,2.5,Matches,0.20491803278688525,5,0.20491803278688525,0.10245901639344263,0.10245901639344263,0.06756756756756757,2.5,1.5163934426229508,0.4594594594594595,0.13513513513513514,0.14327870876360294,0.7714835633992617,0.2477521216775822,0.6900826446280992,Balanced Shooter
